tracker_id,avg_area,std_area,initial_area,final_area,max_area,min_area,avg_speed,max_speed,std_speed,lifetime,measurement_count,total_displacement,avg_displacement,max_displacement,avg_angle,path_length,straightness,avg_confidence,total_frames_lost,avg_nonzero_speed,area_change_ratio,speed_variation
371,1063.901,94.11,1130.446,997.355,1130.446,997.355,99.805,199.61,141.145,0.6,2,39.702,19.851,39.702,115.918,39.702,1.0,0.6,0,199.61,-0.118,1.414
379,1587.561,1283.184,680.213,2494.909,2494.909,680.213,50.221,100.442,71.023,0.2,2,20.282,10.141,20.282,50.495,20.282,1.0,0.383,0,100.442,2.668,1.414
385,1662.997,790.369,2556.973,1375.035,2556.973,1056.984,72.198,144.658,72.329,0.4,3,43.13,14.377,28.669,84.534,43.13,1.0,0.72,0,108.296,-0.462,1.002
386,1569.246,1134.889,677.277,1183.805,2846.655,677.277,95.7,149.41,83.086,0.4,3,55.983,18.661,28.33,138.381,55.983,1.0,0.596,0,143.55,0.748,0.868
390,1996.289,977.535,1305.067,2687.511,2687.511,1305.067,62.984,125.967,89.072,0.2,2,25.506,12.753,25.506,57.908,25.506,1.0,0.724,0,125.967,1.059,1.414
394,917.925,283.107,717.738,1118.112,1118.112,717.738,56.875,113.75,80.433,0.2,2,22.602,11.301,22.602,100.955,22.602,1.0,0.368,0,113.75,0.558,1.414
403,2651.386,735.677,1273.02,2528.534,3735.805,1273.02,123.292,191.794,67.331,1.2,7,159.101,22.729,35.608,157.743,159.101,1.0,0.71,0,143.84,0.986,0.546
405,1135.314,295.133,1166.233,832.691,1571.999,801.656,119.307,180.401,62.876,1.0,6,132.122,22.02,32.37,152.488,132.122,1.0,0.57,0,143.169,-0.286,0.527
406,1832.861,353.194,1310.647,2082.714,2082.714,1310.647,127.432,215.881,98.351,0.6,4,95.823,23.956,41.192,134.42,95.823,1.0,0.861,0,169.909,0.589,0.772
408,2678.489,829.921,2125.099,2277.624,3632.744,2125.099,55.792,123.444,62.571,0.4,3,31.97,10.657,22.824,134.207,31.97,1.0,0.812,0,83.688,0.072,1.121
409,1688.041,202.666,1544.735,1831.347,1831.347,1544.735,71.881,143.762,101.655,0.2,2,28.278,14.139,28.278,178.292,28.278,1.0,0.711,0,143.762,0.186,1.414
410,1733.05,319.36,2532.047,1372.084,2532.047,1284.637,84.523,165.711,53.006,3.2,17,258.453,15.203,32.29,152.044,258.453,1.0,0.769,0,89.806,-0.458,0.627
415,2449.799,581.389,3579.692,2084.005,3579.692,1756.504,105.041,236.967,81.428,1.4,8,155.224,19.403,46.699,161.754,155.224,1.0,0.61,0,120.047,-0.418,0.775
416,24090.661,3070.904,29007.857,23822.584,29007.857,21475.34,146.995,275.012,118.413,0.8,5,136.555,27.311,53.231,126.213,136.555,1.0,0.872,0,183.743,-0.179,0.806
417,15812.732,9825.402,16012.342,2785.483,29582.785,2785.483,218.892,349.332,121.891,1.0,6,242.841,40.473,67.704,172.529,242.841,1.0,0.393,0,262.67,-0.826,0.557
418,20333.238,6389.02,18983.957,23229.64,33114.855,7082.604,198.37,429.42,95.917,5.0,26,922.398,35.477,83.994,179.696,922.398,1.0,0.862,0,206.305,0.224,0.484
419,4448.994,1688.264,3255.211,5642.777,5642.777,3255.211,118.221,236.442,167.19,3.2,2,46.986,23.493,46.986,117.101,46.986,1.0,0.499,0,236.442,0.733,1.414
420,3129.817,1006.927,2417.812,3841.822,3841.822,2417.812,86.752,173.504,122.686,0.2,2,35.032,17.516,35.032,93.044,35.032,1.0,0.716,0,173.504,0.589,1.414
421,3541.522,1024.486,2817.101,4265.943,4265.943,2817.101,122.509,245.018,173.254,0.2,2,48.703,24.351,48.703,107.907,48.703,1.0,0.52,0,245.018,0.514,1.414
422,21489.262,18784.55,34771.945,8206.58,34771.945,8206.58,131.002,262.003,185.264,0.4,2,52.628,26.314,52.628,57.957,52.628,1.0,0.662,0,262.003,-0.764,1.414
423,5090.175,1290.537,4177.628,6002.723,6002.723,4177.628,90.956,181.912,128.631,3.2,2,37.193,18.597,37.193,72.47,37.193,1.0,0.541,0,181.912,0.437,1.414
424,4093.49,86.243,4032.508,4154.473,4154.473,4032.508,113.302,226.604,160.234,0.2,2,44.598,22.299,44.598,126.443,44.598,1.0,0.588,0,226.604,0.03,1.414
427,5417.704,3052.335,7576.031,3259.377,7576.031,3259.377,89.292,178.584,126.278,0.2,2,35.584,17.792,35.584,82.056,35.584,1.0,0.537,0,178.584,-0.57,1.414
429,5511.358,2550.098,7314.55,3708.167,7314.55,3708.167,16.625,33.249,23.511,1.8,2,6.62,3.31,6.62,35.509,6.62,1.0,0.655,0,33.249,-0.493,1.414
432,4452.653,1416.123,5454.003,3451.303,5454.003,3451.303,33.925,67.851,47.978,0.2,2,13.09,6.545,13.09,140.291,13.09,1.0,0.643,0,67.851,-0.367,1.414
433,5029.229,2378.975,6711.418,3347.04,6711.418,3347.04,92.233,184.465,130.437,0.2,2,36.451,18.225,36.451,9.58,36.451,1.0,0.713,0,184.465,-0.501,1.414
434,4526.881,757.604,5062.587,3991.174,5062.587,3991.174,58.915,117.83,83.318,0.2,2,22.38,11.19,22.38,176.9,22.38,1.0,0.815,0,117.83,-0.212,1.414
437,14210.505,7702.594,4277.653,13439.172,25569.686,4277.653,196.527,341.834,101.977,1.6,8,290.075,36.259,60.022,153.462,290.075,1.0,0.769,0,224.602,2.142,0.519
441,13915.015,7194.145,8827.986,19002.043,19002.043,8827.986,129.372,258.743,182.959,0.4,2,52.746,26.373,52.746,74.22,52.746,1.0,0.537,0,258.743,1.152,1.414
442,4947.822,690.372,6185.769,4992.239,6185.769,4054.792,107.407,235.334,93.018,4.0,9,179.818,19.98,46.295,222.038,179.818,1.0,0.585,0,120.833,-0.193,0.866
443,5125.799,625.044,4417.672,5600.681,5600.681,4417.672,146.385,234.397,127.636,0.8,3,85.913,28.638,45.47,194.578,85.913,1.0,0.652,0,219.577,0.268,0.872
445,7217.788,1137.449,8022.086,6413.49,8022.086,6413.49,77.118,154.236,109.061,0.2,2,30.515,15.258,30.515,17.142,30.515,1.0,0.704,0,154.236,-0.201,1.414
446,18403.319,2741.072,19769.57,13939.082,22571.27,13939.082,139.93,424.129,128.642,1.6,9,237.229,26.359,84.79,189.571,237.229,1.0,0.834,0,157.421,-0.295,0.919
448,7872.637,697.764,8240.78,8309.232,8309.232,7067.898,85.743,128.786,74.256,0.4,3,51.956,17.319,26.337,89.499,51.956,1.0,0.738,0,128.615,0.008,0.866
449,4113.925,1902.918,7351.936,2477.583,7351.936,2477.583,135.14,212.801,85.868,1.0,5,130.998,26.2,41.26,142.507,130.998,1.0,0.543,0,168.925,-0.663,0.635
450,8655.874,1161.175,9075.939,7808.31,10511.993,7808.31,66.267,123.102,50.14,0.8,5,63.787,12.757,22.539,135.376,63.787,1.0,0.517,0,82.833,-0.14,0.757
451,12435.036,9292.277,7491.838,34699.25,34699.25,4943.352,154.553,375.427,103.498,2.0,10,282.996,28.3,66.346,132.375,282.996,1.0,0.549,0,171.725,3.632,0.67
452,3088.826,322.291,3126.194,3405.912,3405.912,2640.623,73.543,164.614,71.61,0.8,4,53.494,13.374,29.203,105.204,53.494,1.0,0.562,0,98.057,0.089,0.974
453,31061.922,19183.633,8545.312,24156.785,50488.42,8545.312,102.663,354.493,127.843,1.8,6,112.039,18.673,62.668,140.433,112.039,1.0,0.621,0,123.196,1.827,1.245
455,31435.696,12085.999,39743.164,18683.45,43575.3,18683.45,205.57,341.782,148.056,1.0,4,157.764,39.441,67.789,146.975,157.764,1.0,0.72,0,274.094,-0.53,0.72
456,7236.507,1777.229,8493.198,5979.816,8493.198,5979.816,85.566,171.132,121.009,0.2,2,32.758,16.379,32.758,157.943,32.758,1.0,0.711,0,171.132,-0.296,1.414
457,27258.359,10516.701,10274.728,32080.668,50114.562,10274.728,173.259,414.314,102.823,3.0,16,502.788,31.424,73.438,186.453,502.788,1.0,0.698,0,184.809,2.122,0.593
458,7434.139,875.015,7644.68,5535.271,8021.911,5535.271,127.448,265.892,81.469,1.2,7,162.105,23.158,47.124,156.17,162.105,1.0,0.703,0,148.689,-0.276,0.639
461,4235.587,2569.986,7892.038,2568.577,7892.038,2322.444,65.729,133.513,61.184,1.8,4,48.15,12.038,26.912,204.079,48.15,1.0,0.806,0,87.639,-0.675,0.931
462,3025.376,2279.165,4357.067,393.686,4357.067,393.686,74.09,143.435,71.835,0.8,3,42.672,14.224,28.069,100.175,42.672,1.0,0.614,0,111.135,-0.91,0.97
471,2808.068,1915.799,5014.815,1570.575,5014.815,1570.575,109.476,213.049,106.647,0.4,3,64.044,21.348,42.143,156.165,64.044,1.0,0.658,0,164.214,-0.687,0.974
480,2890.549,72.295,2839.428,2941.669,2941.669,2839.428,106.914,213.828,151.199,0.2,2,41.807,20.904,41.807,142.611,41.807,1.0,0.503,0,213.828,0.036,1.414
483,2221.535,465.253,2550.518,1892.551,2550.518,1892.551,52.096,104.192,73.675,2.6,2,19.938,9.969,19.938,168.121,19.938,1.0,0.722,0,104.192,-0.258,1.414
485,1502.71,165.205,1619.528,1385.893,1619.528,1385.893,62.43,124.86,88.289,0.2,2,24.094,12.047,24.094,0.455,24.094,1.0,0.527,0,124.86,-0.144,1.414
486,4770.744,2852.396,1324.024,3529.598,7122.424,1324.024,155.939,304.677,125.383,0.8,4,118.381,29.595,60.142,152.044,118.381,1.0,0.781,0,207.919,1.666,0.804
491,1891.181,161.592,1776.918,2005.444,2005.444,1776.918,61.56,123.119,87.058,0.2,2,25.241,12.62,25.241,56.339,25.241,1.0,0.676,0,123.119,0.129,1.414
494,8954.746,8553.623,2906.422,15003.071,15003.071,2906.422,54.604,109.208,77.221,0.2,2,20.713,10.356,20.713,165.656,20.713,1.0,0.519,0,109.208,4.162,1.414
496,3045.832,285.734,3247.876,2843.788,3247.876,2843.788,49.948,99.897,70.638,0.2,2,20.348,10.174,20.348,62.264,20.348,1.0,0.69,0,99.897,-0.124,1.414
497,5276.874,4997.094,958.61,10750.429,10750.429,958.61,100.531,177.266,90.997,1.2,3,59.87,19.957,35.676,166.017,59.87,1.0,0.48,0,150.796,10.215,0.905
499,1580.872,321.119,1353.807,1807.938,1807.938,1353.807,96.02,192.04,135.793,0.2,2,38.83,19.415,38.83,98.28,38.83,1.0,0.666,0,192.04,0.335,1.414
500,580.839,101.289,574.78,832.546,832.546,454.237,48.682,193.665,65.539,2.0,10,95.436,9.544,38.746,110.732,95.436,1.0,0.706,0,54.091,0.448,1.346
505,3239.044,1640.975,4856.693,3851.271,4856.693,983.797,80.532,177.362,73.434,0.6,4,60.382,15.095,32.329,138.931,60.382,1.0,0.805,0,107.376,-0.207,0.912
506,2724.348,1034.585,4502.116,2137.134,4502.116,1881.031,81.039,128.822,52.465,0.8,5,77.948,15.59,26.037,100.859,77.948,1.0,0.801,0,101.299,-0.525,0.647
507,2087.315,930.77,918.097,3196.415,3196.415,918.097,61.999,95.918,42.564,0.6,4,45.449,11.362,16.981,151.711,45.449,1.0,0.794,0,82.665,2.482,0.687
508,2822.292,426.801,3124.086,2520.498,3124.086,2520.498,62.308,124.616,88.117,0.2,2,25.381,12.691,25.381,53.495,25.381,1.0,0.751,0,124.616,-0.193,1.414
509,3756.432,1696.229,2227.713,2941.162,6129.007,2227.713,94.421,177.365,78.779,0.6,4,71.131,17.783,31.77,102.781,71.131,1.0,0.723,0,125.895,0.32,0.834
510,3485.271,1278.193,5365.905,2757.772,5365.905,2080.54,124.07,187.944,64.551,1.2,7,160.527,22.932,33.506,168.241,160.527,1.0,0.785,0,144.749,-0.486,0.52
511,2295.291,683.368,1530.316,2137.766,3408.545,1530.316,143.52,237.403,87.559,3.4,5,137.587,27.517,46.868,107.548,137.587,1.0,0.692,0,179.4,0.397,0.61
512,2260.837,1792.492,720.702,3220.362,4688.814,624.599,90.897,180.115,67.905,1.4,6,99.279,16.547,31.989,199.34,99.279,1.0,0.628,0,109.077,3.468,0.747
514,3371.451,519.865,2810.924,3837.772,3837.772,2810.924,60.886,163.896,89.701,0.4,3,36.34,12.113,31.882,182.281,36.34,1.0,0.662,0,91.33,0.365,1.473
515,2683.039,1914.941,1198.805,2005.725,4844.588,1198.805,43.958,89.663,44.857,0.4,3,25.994,8.665,16.977,154.611,25.994,1.0,0.834,0,65.937,0.673,1.02
516,3102.141,1427.459,1499.238,1663.889,5392.493,1499.238,112.57,184.317,73.582,1.0,6,125.097,20.849,35.518,150.281,125.097,1.0,0.816,0,135.084,0.11,0.654
517,3209.106,1263.766,1441.795,2780.468,4879.425,1441.795,60.027,123.909,49.102,1.0,5,54.191,10.838,21.249,213.189,54.191,1.0,0.775,0,75.033,0.928,0.818
527,6420.432,3276.008,1380.52,5804.748,9474.438,1380.52,135.428,201.553,79.693,0.8,5,125.414,25.083,38.8,146.232,125.414,1.0,0.697,0,169.285,3.205,0.588
528,1216.923,171.132,1126.98,1043.196,1434.858,1043.196,49.936,119.172,50.565,1.2,4,40.558,10.139,24.47,121.528,40.558,1.0,0.453,0,66.581,-0.074,1.013
530,3039.602,494.051,2475.94,3245.28,3397.587,2475.94,121.159,213.8,109.716,0.4,3,71.558,23.853,41.09,110.356,71.558,1.0,0.513,0,181.738,0.311,0.906
531,14449.89,803.692,15018.186,13881.594,15018.186,13881.594,100.966,201.933,142.788,0.2,2,39.252,19.626,39.252,122.022,39.252,1.0,0.769,0,201.933,-0.076,1.414
534,8403.717,3870.509,1174.431,7959.737,15647.193,1174.431,136.244,237.699,81.942,2.0,10,248.09,24.809,42.325,187.467,248.09,1.0,0.75,0,151.382,5.778,0.601
535,821.971,378.218,1496.315,632.716,1496.315,627.707,35.18,139.283,58.705,2.2,5,35.03,7.006,27.325,124.403,35.03,1.0,0.497,0,43.975,-0.577,1.669
547,7392.599,201.293,7250.264,7534.935,7534.935,7250.264,96.671,193.341,136.713,0.2,2,37.427,18.713,37.427,161.73,37.427,1.0,0.87,0,193.341,0.039,1.414
550,2167.982,2313.591,1156.637,5634.922,5634.922,922.18,108.508,163.108,76.277,0.8,4,87.424,21.856,32.654,117.497,87.424,1.0,0.819,0,144.678,3.872,0.703
551,1315.869,304.736,1040.203,1869.556,1869.556,1005.061,86.611,177.996,60.279,1.6,8,131.566,16.446,35.522,178.592,131.566,1.0,0.597,0,98.984,0.797,0.696
563,1990.236,562.787,1320.321,1534.186,2712.331,1320.321,91.625,188.755,86.193,0.8,5,86.314,17.263,33.744,118.093,86.314,1.0,0.76,0,114.532,0.162,0.941
571,3214.489,98.252,3283.964,3145.015,3283.964,3145.015,77.403,154.806,109.465,0.2,2,30.335,15.167,30.335,138.347,30.335,1.0,0.788,0,154.806,-0.042,1.414
572,2360.586,2130.28,3866.921,854.25,3866.921,854.25,84.058,168.117,118.876,0.2,2,32.697,16.349,32.697,132.497,32.697,1.0,0.65,0,168.117,-0.779,1.414
574,2505.378,1017.315,1706.575,3719.239,3719.239,1624.385,120.943,222.534,115.656,0.6,4,91.566,22.892,44.066,105.233,91.566,1.0,0.804,0,161.257,1.179,0.956
575,1671.442,348.22,1425.212,1917.67,1917.67,1425.212,29.437,58.875,41.631,0.2,2,12.742,6.371,12.742,58.928,12.742,1.0,0.799,0,58.875,0.346,1.414
577,3401.768,318.779,3329.851,3041.773,3813.705,3041.773,156.297,214.314,104.486,0.6,4,118.971,29.743,41.848,118.426,118.971,1.0,0.62,0,208.396,-0.087,0.669
581,7995.797,7518.401,13312.109,2679.484,13312.109,2679.484,65.256,130.513,92.286,0.2,2,25.679,12.839,25.679,166.668,25.679,1.0,0.804,0,130.513,-0.799,1.414
582,5326.837,8373.116,14994.832,412.35,14994.832,412.35,47.828,121.624,64.837,2.8,3,29.41,9.803,24.317,136.112,29.41,1.0,0.517,0,71.743,-0.973,1.356
584,15959.917,3207.673,15894.735,12785.332,19199.684,12785.332,165.605,249.2,143.42,0.4,3,95.924,31.975,48.404,193.348,95.924,1.0,0.707,0,248.407,-0.196,0.866
585,2602.167,129.379,2510.682,2693.652,2693.652,2510.682,83.983,167.965,118.769,0.2,2,32.787,16.393,32.787,151.099,32.787,1.0,0.761,0,167.965,0.073,1.414
588,7634.256,6204.472,12021.48,3247.031,12021.48,3247.031,91.509,183.018,129.413,1.6,2,36.447,18.223,36.447,98.892,36.447,1.0,0.531,0,183.018,-0.73,1.414
589,15848.233,3155.276,11428.597,15547.49,21008.773,11428.597,219.818,355.056,112.141,2.2,10,407.525,40.752,62.78,156.442,407.525,1.0,0.691,0,244.243,0.36,0.51
590,1717.117,775.18,1362.623,2606.161,2606.161,1182.567,68.552,107.86,59.581,0.8,3,40.303,13.434,20.999,120.575,40.303,1.0,0.596,0,102.828,0.913,0.869
591,2001.217,485.906,2148.216,2396.649,2396.649,1458.784,62.403,163.608,88.437,0.6,3,36.655,12.218,32.212,80.333,36.655,1.0,0.559,0,93.604,0.116,1.417
593,1234.221,1676.852,3170.467,259.332,3170.467,259.332,81.267,198.092,103.723,1.2,3,48.064,16.021,40.249,155.861,48.064,1.0,0.33,0,121.9,-0.918,1.276
595,2738.097,1406.6,1743.48,3732.713,3732.713,1743.48,77.036,154.071,108.945,0.6,2,31.127,15.564,31.127,99.362,31.127,1.0,0.603,0,154.071,1.141,1.414
596,8105.275,5952.442,1701.736,4513.907,14207.802,1701.736,135.255,298.425,132.688,0.6,4,104.404,26.101,57.525,181.98,104.404,1.0,0.652,0,180.341,1.653,0.981
604,7435.772,882.869,8060.054,6811.489,8060.054,6811.489,90.633,181.266,128.175,0.2,2,34.953,17.477,34.953,141.009,34.953,1.0,0.802,0,181.266,-0.155,1.414
607,1756.853,318.435,1421.166,2184.936,2184.936,1421.166,93.287,162.118,54.205,1.0,6,103.384,17.231,31.998,138.635,103.384,1.0,0.821,0,111.944,0.537,0.581
608,1398.858,298.367,952.852,1428.778,1922.652,909.757,50.574,114.629,36.394,2.6,14,123.537,8.824,20.542,184.252,123.537,1.0,0.828,0,54.464,0.499,0.72
610,4917.579,6029.905,9181.366,653.792,9181.366,653.792,117.656,235.312,166.391,0.4,2,47.867,23.934,47.867,80.508,47.867,1.0,0.51,0,235.312,-0.929,1.414
620,590.424,163.531,427.617,772.898,772.898,427.617,70.02,133.381,54.727,1.2,4,49.423,12.356,22.769,197.43,49.423,1.0,0.489,0,93.361,0.807,0.782
624,328.372,12.614,319.453,337.291,337.291,319.453,31.873,63.747,45.076,0.2,2,12.728,6.364,12.728,104.89,12.728,1.0,0.495,0,63.747,0.056,1.414
628,3278.517,835.149,2543.375,4213.89,4213.89,2543.375,108.561,220.12,89.889,0.6,4,81.562,20.39,42.366,145.79,81.562,1.0,0.427,0,144.748,0.657,0.828
630,2291.889,1234.131,3450.755,994.227,3450.755,994.227,88.798,143.897,77.642,0.4,3,51.914,17.305,27.631,140.594,51.914,1.0,0.835,0,133.197,-0.712,0.874
631,1632.749,1322.091,2567.608,697.889,2567.608,697.889,69.533,139.067,98.335,0.2,2,28.0,14.0,28.0,85.79,28.0,1.0,0.757,0,139.067,-0.728,1.414
632,1268.842,640.999,1059.0,584.083,2115.864,584.083,42.299,79.221,32.948,0.6,4,31.453,7.863,15.89,122.619,31.453,1.0,0.798,0,56.398,-0.448,0.779
633,657.344,53.028,707.23,601.652,707.23,601.652,60.183,96.669,52.511,0.6,3,33.271,11.09,18.899,119.883,33.271,1.0,0.783,0,90.274,-0.149,0.873
634,521.955,56.59,561.97,481.939,561.97,481.939,17.437,34.874,24.66,0.2,2,7.032,3.516,7.032,115.478,7.032,1.0,0.671,0,34.874,-0.142,1.414
636,2988.128,1039.381,1335.643,3865.94,3865.94,1335.643,102.171,211.569,82.924,0.8,5,95.469,19.094,37.96,129.047,95.469,1.0,0.764,0,127.714,1.894,0.812
637,4232.684,623.751,4439.916,4726.442,4726.442,3531.693,74.643,176.246,91.163,0.6,3,43.732,14.577,35.292,193.748,43.732,1.0,0.747,0,111.964,0.065,1.221
638,1378.518,157.611,1489.966,1267.07,1489.966,1267.07,74.991,149.982,106.053,0.2,2,30.22,15.11,30.22,86.376,30.22,1.0,0.761,0,149.982,-0.15,1.414
640,2731.573,2780.106,4697.405,765.741,4697.405,765.741,121.948,243.895,172.46,1.0,2,49.029,24.514,49.029,75.88,49.029,1.0,0.618,0,243.895,-0.837,1.414
649,1519.635,396.471,1799.982,1239.288,1799.982,1239.288,95.042,190.083,134.409,0.2,2,38.338,19.169,38.338,99.123,38.338,1.0,0.522,0,190.083,-0.311,1.414
656,3482.996,1186.506,2644.01,4321.983,4321.983,2644.01,104.72,209.44,148.096,0.2,2,42.257,21.129,42.257,54.641,42.257,1.0,0.705,0,209.44,0.635,1.414
657,2017.805,413.273,1839.941,2263.463,2410.648,1380.807,119.925,229.379,106.976,0.8,5,114.531,22.906,44.454,143.734,114.531,1.0,0.814,0,149.906,0.23,0.892
661,2758.867,2102.361,4245.46,1272.273,4245.46,1272.273,104.12,208.24,147.248,0.2,2,41.399,20.699,41.399,113.076,41.399,1.0,0.764,0,208.24,-0.7,1.414
669,7266.393,3824.469,2057.374,6996.322,10917.711,2057.374,167.348,269.027,120.223,0.6,4,125.373,31.343,50.838,161.267,125.373,1.0,0.762,0,223.13,2.401,0.718
676,20913.13,3585.338,17945.111,19758.258,26471.854,15720.681,216.618,450.102,156.064,1.8,7,275.861,39.409,79.995,117.067,275.861,1.0,0.736,0,252.721,0.101,0.72
677,21206.727,4133.207,15111.036,21105.648,26614.232,15111.036,191.261,344.528,125.283,0.8,5,176.615,35.323,62.458,70.219,176.615,1.0,0.873,0,239.076,0.397,0.655
680,18003.603,5001.966,21972.326,15446.977,24346.855,11348.646,153.435,335.855,115.716,1.0,6,172.257,28.71,67.273,145.324,172.257,1.0,0.733,0,184.122,-0.297,0.754
683,27258.554,974.08,27947.332,26569.775,27947.332,26569.775,130.617,261.233,184.72,0.2,2,51.208,25.604,51.208,172.387,51.208,1.0,0.842,0,261.233,-0.049,1.414
685,4051.376,1516.677,5123.828,2978.923,5123.828,2978.923,105.126,210.251,148.67,2.8,2,42.701,21.35,42.701,58.332,42.701,1.0,0.503,0,210.251,-0.419,1.414
686,22530.139,3047.895,18602.479,24639.71,25239.635,18602.479,242.3,375.403,153.009,1.4,6,264.871,44.145,66.816,165.54,264.871,1.0,0.807,0,290.76,0.325,0.631
687,25856.517,6089.162,15117.69,27415.69,29836.379,15117.69,231.769,374.775,144.256,2.2,5,215.074,43.015,74.495,136.035,215.074,1.0,0.796,0,289.711,0.813,0.622
689,15074.788,3746.031,19040.16,14588.638,19040.16,11595.566,85.082,131.597,73.791,0.6,3,48.167,16.056,24.684,152.481,48.167,1.0,0.645,0,127.623,-0.234,0.867
690,23199.889,2023.301,20270.682,23592.133,24873.986,20270.682,77.579,185.748,82.634,0.6,4,58.774,14.694,33.248,106.1,58.774,1.0,0.856,0,103.439,0.164,1.065
693,23842.064,4479.786,17459.547,21378.771,30339.34,17459.547,209.007,315.638,126.912,1.0,6,235.794,39.299,62.59,153.521,235.794,1.0,0.867,0,250.808,0.224,0.607
697,15524.232,3492.348,16158.037,16044.721,19238.021,10177.48,138.308,241.003,80.077,1.4,7,176.101,25.157,42.239,133.512,176.101,1.0,0.609,0,161.36,-0.007,0.579
698,608.58,93.43,507.232,750.782,750.782,507.232,40.741,135.781,46.524,1.2,7,53.897,7.7,27.095,145.256,53.897,1.0,0.465,0,47.531,0.48,1.142
699,16984.561,1196.005,16138.858,17830.264,17830.264,16138.858,121.774,243.548,172.215,0.2,2,48.388,24.194,48.388,61.55,48.388,1.0,0.817,0,243.548,0.105,1.414
700,14606.568,2959.648,12424.16,10576.514,17541.305,10576.514,194.826,291.798,125.807,1.4,5,192.033,38.407,58.409,127.809,192.033,1.0,0.543,0,243.533,-0.149,0.646
701,998.18,151.03,702.349,1085.19,1294.308,702.349,76.702,142.173,40.675,1.8,10,138.219,13.822,27.831,199.837,138.219,1.0,0.789,0,85.224,0.545,0.53
703,7776.998,6517.893,2679.089,5531.017,15120.89,2679.089,90.374,180.684,90.342,0.4,3,53.008,17.669,34.581,85.772,53.008,1.0,0.636,0,135.561,1.065,1.0
704,8744.255,9070.161,2330.683,15157.828,15157.828,2330.683,124.329,248.658,175.828,0.2,2,48.82,24.41,48.82,163.436,48.82,1.0,0.799,0,248.658,5.504,1.414
706,4786.396,5047.201,8355.306,1217.486,8355.306,1217.486,92.364,184.728,130.622,0.4,2,36.572,18.286,36.572,173.681,36.572,1.0,0.704,0,184.728,-0.854,1.414
707,10544.046,6971.364,3324.945,7701.107,19757.154,3324.945,143.017,228.124,99.757,0.6,4,107.112,26.778,40.237,81.288,107.112,1.0,0.598,0,190.689,1.316,0.698
708,780.979,116.192,824.311,649.348,869.278,649.348,28.521,51.339,26.14,0.4,3,15.798,5.266,9.323,5.287,15.798,1.0,0.424,0,42.781,-0.212,0.917
713,14695.222,2995.326,17615.273,18846.057,18846.057,11155.29,130.215,246.78,93.016,1.4,7,165.146,23.592,44.459,179.781,165.146,1.0,0.695,0,151.917,0.07,0.714
714,957.915,6.855,953.068,962.762,962.762,953.068,80.641,161.282,114.044,0.2,2,31.119,15.56,31.119,169.586,31.119,1.0,0.428,0,161.282,0.01,1.414
715,10677.263,9257.355,4131.325,17223.201,17223.201,4131.325,112.897,225.794,159.66,0.4,2,43.978,21.989,43.978,142.554,43.978,1.0,0.548,0,225.794,3.169,1.414
716,15838.578,3916.079,17054.535,10853.086,20226.543,10853.086,160.057,294.072,99.251,3.6,9,265.574,29.508,57.685,151.875,265.574,1.0,0.691,0,180.064,-0.364,0.62
719,12913.383,4191.605,14485.461,6284.733,17795.635,6284.733,154.556,282.766,119.963,0.8,5,145.445,29.089,54.513,205.847,145.445,1.0,0.644,0,193.195,-0.566,0.776
721,19675.588,4061.021,13724.331,22808.354,22808.354,13724.331,171.243,298.786,125.084,0.6,4,127.221,31.805,52.906,142.01,127.221,1.0,0.817,0,228.324,0.662,0.73
723,18667.078,2737.213,20602.58,16731.576,20602.58,16731.576,83.271,166.541,117.762,0.2,2,33.871,16.936,33.871,54.26,33.871,1.0,0.614,0,166.541,-0.188,1.414
724,15069.671,9207.539,20177.424,4440.404,20591.184,4440.404,63.299,151.668,78.881,0.4,3,36.283,12.094,29.425,177.641,36.283,1.0,0.517,0,94.948,-0.78,1.246
726,2525.994,68.483,2477.57,2574.419,2574.419,2477.57,73.02,146.039,103.265,0.4,2,29.941,14.971,29.941,29.582,29.941,1.0,0.428,0,146.039,0.039,1.414
728,13659.657,5685.566,2336.009,19986.123,19986.123,2336.009,155.114,315.227,129.294,1.6,7,193.6,27.657,55.228,169.006,193.6,1.0,0.659,0,180.966,7.556,0.834
730,19047.876,1583.894,17046.951,19934.447,20428.375,17046.951,224.337,403.715,174.867,0.8,5,212.041,42.408,77.845,80.749,212.041,1.0,0.833,0,280.421,0.169,0.779
733,21258.672,3182.146,16624.117,22116.703,23865.188,16624.117,258.511,432.664,183.226,1.8,4,192.442,48.11,79.242,172.493,192.442,1.0,0.761,0,344.681,0.33,0.709
736,13356.709,8000.025,2331.567,20562.043,20562.043,2331.567,119.563,270.207,115.511,0.6,4,88.725,22.181,51.141,220.7,88.725,1.0,0.745,0,159.417,7.819,0.966
739,16843.008,3377.314,19231.129,14454.886,19231.129,14454.886,67.491,134.983,95.447,0.2,2,25.623,12.811,25.623,138.14,25.623,1.0,0.59,0,134.983,-0.248,1.414
740,9093.091,4036.391,1219.514,10583.453,14291.252,1219.514,133.298,289.632,79.321,3.8,20,481.403,24.07,51.149,126.045,481.403,1.0,0.785,0,140.314,7.678,0.595
741,5104.638,3665.246,8902.85,1588.678,8902.85,1588.678,97.867,218.021,110.706,0.4,3,56.383,18.794,42.728,176.438,56.383,1.0,0.632,0,146.8,-0.822,1.131
742,2259.545,1713.669,3471.292,1047.798,3471.292,1047.798,112.846,225.692,159.588,0.2,2,44.023,22.012,44.023,144.18,44.023,1.0,0.56,0,225.692,-0.698,1.414
744,2850.281,1507.521,1784.303,3916.26,3916.26,1784.303,14.873,29.747,21.034,0.2,2,5.522,2.761,5.522,175.961,5.522,1.0,0.677,0,29.747,1.195,1.414
747,2876.294,2001.603,4291.641,1460.946,4291.641,1460.946,4.121,8.243,5.829,0.2,2,1.533,0.766,1.533,41.721,1.533,1.0,0.689,0,8.243,-0.66,1.414
748,2449.294,1804.881,1173.05,3725.538,3725.538,1173.05,86.039,172.077,121.677,0.4,2,34.647,17.323,34.647,58.474,34.647,1.0,0.664,0,172.077,2.176,1.414
754,272.515,32.094,277.965,280.151,328.327,218.792,13.709,37.757,10.71,1.8,9,22.396,2.488,6.981,147.426,22.396,1.0,0.414,0,15.422,0.008,0.781
757,405.329,68.89,356.616,454.042,454.042,356.616,38.931,77.861,55.056,0.2,2,15.042,7.521,15.042,122.916,15.042,1.0,0.726,0,77.861,0.273,1.414
760,448.444,22.731,432.371,464.518,464.518,432.371,37.628,75.255,53.213,0.2,2,14.368,7.184,14.368,146.895,14.368,1.0,0.695,0,75.255,0.074,1.414
763,697.105,56.202,657.364,736.846,736.846,657.364,17.063,34.126,24.131,0.2,2,6.342,3.171,6.342,170.438,6.342,1.0,0.594,0,34.126,0.121,1.414
764,832.131,185.961,963.625,700.637,963.625,700.637,61.964,123.928,87.63,0.2,2,24.303,12.152,24.303,111.104,24.303,1.0,0.777,0,123.928,-0.273,1.414
765,25828.943,212.723,25678.525,25979.361,25979.361,25678.525,120.278,240.556,170.099,0.2,2,47.548,23.774,47.548,113.177,47.548,1.0,0.779,0,240.556,0.012,1.414
766,15762.953,4358.48,18576.89,6250.799,21228.266,6250.799,117.429,424.659,127.082,1.6,9,195.613,21.735,84.806,143.381,195.613,1.0,0.813,0,132.108,-0.664,1.082
767,1159.036,298.189,1368.623,939.341,1645.413,730.992,69.2,129.131,40.927,1.4,8,99.304,12.413,23.901,207.856,99.304,1.0,0.744,0,79.086,-0.314,0.591
769,12512.863,1129.918,11222.006,12794.886,15489.84,10570.73,58.089,243.655,58.344,9.4,48,501.599,10.45,46.728,170.585,501.599,1.0,0.921,0,59.325,0.14,1.004
771,893.675,302.147,549.823,1248.602,1349.021,540.684,46.371,87.274,27.557,1.6,9,74.821,8.313,15.668,168.58,74.821,1.0,0.653,0,52.168,1.271,0.594
774,2797.898,98.228,2728.44,2867.356,2867.356,2728.44,58.932,117.864,83.343,0.2,2,23.128,11.564,23.128,129.233,23.128,1.0,0.601,0,117.864,0.051,1.414
775,6589.625,7699.279,1210.431,15409.239,15409.239,1210.431,136.008,213.117,118.138,0.4,3,79.01,26.337,40.757,177.47,79.01,1.0,0.719,0,204.013,11.73,0.869
776,2065.405,668.077,1418.459,2752.778,2752.778,1418.459,21.644,56.701,30.638,1.2,3,12.012,4.004,10.513,121.358,12.012,1.0,0.428,0,32.466,0.941,1.416
777,1998.58,769.372,2542.608,1454.552,2542.608,1454.552,44.452,88.905,62.865,1.4,2,16.773,8.386,16.773,135.229,16.773,1.0,0.815,0,88.905,-0.428,1.414
778,38033.672,22010.441,2835.849,24816.71,64866.074,2835.849,211.791,546.63,150.01,2.2,11,414.903,37.718,96.914,198.125,414.903,1.0,0.637,0,232.97,7.751,0.708
779,1444.361,1140.826,680.281,2499.894,2869.553,545.07,104.274,226.284,85.356,1.6,5,102.233,20.447,44.727,166.135,102.233,1.0,0.561,0,130.342,2.675,0.819
780,4414.521,2011.353,6666.274,2795.951,6666.274,2795.951,65.631,127.647,63.9,1.0,3,36.179,12.06,24.591,204.901,36.179,1.0,0.63,0,98.446,-0.581,0.974
781,3158.79,293.079,2951.552,3366.028,3366.028,2951.552,23.923,47.845,33.832,0.2,2,10.181,5.091,10.181,92.382,10.181,1.0,0.455,0,47.845,0.14,1.414
786,2882.35,793.409,3053.124,2017.46,3576.466,2017.46,133.178,209.3,115.729,3.4,3,80.427,26.809,42.054,150.081,80.427,1.0,0.467,0,199.767,-0.339,0.869
788,2723.057,2805.167,4706.609,739.504,4706.609,739.504,68.395,136.79,96.725,0.8,2,28.031,14.016,28.031,49.632,28.031,1.0,0.656,0,136.79,-0.843,1.414
789,3321.694,3100.375,1129.398,5513.991,5513.991,1129.398,72.59,145.18,102.658,0.2,2,27.864,13.932,27.864,163.495,27.864,1.0,0.667,0,145.18,3.882,1.414
791,11089.327,10319.808,18386.533,3792.121,18386.533,3792.121,85.212,170.424,120.508,0.2,2,33.623,16.811,33.623,37.321,33.623,1.0,0.474,0,170.424,-0.794,1.414
792,2644.777,282.206,2844.327,2445.227,2844.327,2445.227,77.049,154.098,108.964,0.2,2,30.867,15.433,30.867,103.769,30.867,1.0,0.635,0,154.098,-0.14,1.414
794,2293.692,68.176,2245.484,2341.899,2341.899,2245.484,75.132,150.264,106.253,0.2,2,29.052,14.526,29.052,176.16,29.052,1.0,0.534,0,150.264,0.043,1.414
795,2672.293,737.979,3194.123,2150.463,3194.123,2150.463,55.371,110.742,78.307,0.4,2,23.095,11.547,23.095,56.667,23.095,1.0,0.633,0,110.742,-0.327,1.414
796,66863.705,10017.767,59780.074,73947.336,73947.336,59780.074,150.211,300.421,212.43,0.2,2,60.517,30.259,60.517,70.159,60.517,1.0,0.678,0,300.421,0.237,1.414
797,3628.859,1319.273,4561.726,2695.992,4561.726,2695.992,74.759,149.518,105.725,0.2,2,29.369,14.684,29.369,21.868,29.369,1.0,0.611,0,149.518,-0.409,1.414
798,2293.386,40.091,2265.038,2321.735,2321.735,2265.038,51.747,103.495,73.182,0.2,2,20.709,10.354,20.709,63.607,20.709,1.0,0.556,0,103.495,0.025,1.414
803,4226.305,568.777,3654.383,4791.885,4791.885,3654.383,102.607,216.8,108.864,0.4,3,60.029,20.01,42.945,204.334,60.029,1.0,0.741,0,153.91,0.311,1.061
804,322.306,44.17,291.074,353.539,353.539,291.074,106.161,212.322,150.135,0.4,2,42.748,21.374,42.748,65.518,42.748,1.0,0.495,0,212.322,0.215,1.414
805,3789.817,1781.438,3101.881,5736.314,6515.228,2062.457,111.782,225.161,94.466,1.2,7,140.998,20.143,40.766,120.766,140.998,1.0,0.838,0,130.412,0.849,0.845
808,858.271,111.73,686.752,873.54,997.045,686.752,75.106,173.893,70.297,1.2,5,73.712,14.742,34.54,86.056,73.712,1.0,0.364,0,93.882,0.272,0.936
809,2295.414,548.505,1708.388,2382.997,2794.857,1708.388,110.91,170.565,96.142,0.4,3,65.877,21.959,33.19,61.316,65.877,1.0,0.738,0,166.364,0.395,0.867
810,2650.108,1608.903,956.38,4098.106,4098.106,956.38,84.13,180.731,74.325,0.6,4,62.485,15.621,32.776,134.337,62.485,1.0,0.714,0,112.173,3.285,0.883
811,5754.191,1912.573,3920.523,8085.77,8085.77,1815.919,96.116,187.442,55.294,1.8,10,175.048,17.505,33.323,172.495,175.048,1.0,0.813,0,106.796,1.062,0.575
813,3830.238,2747.386,5772.933,1887.543,5772.933,1887.543,24.683,49.365,34.906,0.2,2,10.274,5.137,10.274,76.013,10.274,1.0,0.775,0,49.365,-0.673,1.414
814,1293.156,456.141,859.622,1250.886,1768.961,859.622,99.035,238.31,124.147,0.4,3,55.729,18.576,45.309,176.926,55.729,1.0,0.747,0,148.553,0.455,1.254
815,6198.48,2042.473,1019.178,7036.518,7886.014,1019.178,106.113,212.717,65.076,1.8,10,195.797,19.58,40.271,145.638,195.797,1.0,0.845,0,117.903,5.904,0.613
816,578.058,52.738,638.954,547.938,638.954,547.282,54.825,87.191,47.737,0.6,3,33.0,11.0,17.274,154.75,33.0,1.0,0.369,0,82.237,-0.142,0.871
819,51904.111,9631.443,45614.203,48825.805,71925.41,38637.547,164.831,394.973,121.692,2.6,13,390.615,30.047,76.982,156.626,390.615,1.0,0.707,0,178.567,0.07,0.738
821,1308.667,161.675,1541.499,1173.626,1541.499,1139.094,55.502,151.463,56.824,0.8,5,55.47,11.094,30.839,136.708,55.47,1.0,0.693,0,69.377,-0.239,1.024
822,700.573,93.067,776.351,767.713,781.494,569.148,49.378,139.045,47.699,1.0,6,57.443,9.574,28.552,191.861,57.443,1.0,0.612,0,59.253,-0.011,0.966
823,2024.976,418.321,2320.774,1729.178,2320.774,1729.178,81.008,162.017,114.563,1.0,2,33.037,16.519,33.037,76.657,33.037,1.0,0.628,0,162.017,-0.255,1.414
824,2637.634,1908.53,3987.168,1288.1,3987.168,1288.1,75.769,151.538,107.154,0.2,2,29.548,14.774,29.548,7.282,29.548,1.0,0.649,0,151.538,-0.677,1.414
825,4125.769,2339.043,822.192,5830.429,7373.712,822.192,124.16,240.49,78.072,1.6,7,158.302,22.615,42.813,163.804,158.302,1.0,0.597,0,144.853,6.091,0.629
826,2896.395,206.604,3042.486,2750.304,3042.486,2750.304,37.309,74.617,52.762,0.2,2,13.896,6.948,13.896,161.393,13.896,1.0,0.784,0,74.617,-0.096,1.414
827,1797.573,449.236,1583.118,2313.848,2313.848,1495.752,110.822,191.049,99.131,0.6,3,66.531,22.177,38.728,51.898,66.531,1.0,0.674,0,166.233,0.462,0.895
828,1511.476,389.745,1235.885,1787.067,1787.067,1235.885,78.32,156.641,110.762,0.2,2,29.891,14.946,29.891,155.974,29.891,1.0,0.803,0,156.641,0.446,1.414
837,316.911,161.507,431.114,202.708,431.114,202.708,35.505,71.009,50.211,0.2,2,14.756,7.378,14.756,71.952,14.756,1.0,0.552,0,71.009,-0.53,1.414
838,3294.1,1136.862,1695.858,2091.872,4479.291,1695.858,130.446,247.959,84.578,1.2,6,151.077,25.179,49.07,86.906,151.077,1.0,0.762,0,156.535,0.234,0.648
839,3881.341,1785.244,5785.007,864.98,5785.007,864.98,112.482,207.475,79.039,1.2,7,142.697,20.385,37.472,231.736,142.697,1.0,0.687,0,131.228,-0.85,0.703
840,2345.761,223.387,2187.802,2503.719,2503.719,2187.802,44.505,89.01,62.94,2.4,2,17.613,8.807,17.613,143.736,17.613,1.0,0.487,0,89.01,0.144,1.414
841,1045.436,139.773,1083.728,890.508,1162.074,890.508,61.601,94.21,53.378,0.6,3,36.688,12.229,18.907,136.604,36.688,1.0,0.363,0,92.401,-0.178,0.867
843,7069.296,4255.639,4635.419,4589.257,11983.213,4589.257,77.816,153.898,76.964,0.6,3,44.868,14.956,30.423,148.715,44.868,1.0,0.881,0,116.723,-0.01,0.989
845,816.118,187.529,683.515,948.722,948.722,683.515,53.86,107.72,76.169,0.4,2,21.515,10.757,21.515,18.233,21.515,1.0,0.635,0,107.72,0.388,1.414
846,4052.594,2858.706,2507.218,2299.206,7351.357,2299.206,33.828,66.294,33.168,0.4,3,19.338,6.446,12.813,135.491,19.338,1.0,0.84,0,50.742,-0.083,0.98
847,842.955,110.397,921.017,764.892,921.017,764.892,51.214,102.428,72.428,0.4,2,20.715,10.358,20.715,81.969,20.715,1.0,0.714,0,102.428,-0.17,1.414
848,1119.417,229.694,1221.988,1162.843,1306.433,786.406,92.73,139.766,63.982,0.6,4,70.88,17.72,27.996,105.073,70.88,1.0,0.572,0,123.64,-0.048,0.69
849,2883.273,2562.418,896.379,1977.99,5775.451,896.379,102.586,173.11,90.899,0.4,3,59.366,19.789,32.748,13.531,59.366,1.0,0.455,0,153.879,1.207,0.886
850,505.053,66.488,439.507,622.209,622.209,383.605,32.291,167.819,41.346,3.6,14,85.993,6.142,33.256,135.962,85.993,1.0,0.547,0,34.775,0.416,1.28
851,549.094,54.181,510.783,587.406,587.406,510.783,77.454,154.908,109.537,0.2,2,30.079,15.039,30.079,20.992,30.079,1.0,0.676,0,154.908,0.15,1.414
852,4505.452,4587.813,973.338,5202.936,10727.15,973.338,117.944,239.098,126.889,0.6,4,88.697,22.174,46.67,72.242,88.697,1.0,0.766,0,157.259,4.345,1.076
853,6461.503,2833.355,1201.331,3898.255,10277.764,1201.331,139.787,256.474,78.573,2.8,15,372.901,24.86,44.374,152.531,372.901,1.0,0.757,0,149.772,2.245,0.562
856,1207.801,214.699,1484.731,1035.213,1484.731,1035.213,34.184,90.073,39.165,0.6,4,26.312,6.578,18.0,99.245,26.312,1.0,0.456,0,45.579,-0.303,1.146
860,4285.637,2404.689,2585.266,5986.009,5986.009,2585.266,55.248,110.496,78.133,0.2,2,21.226,10.613,21.226,123.008,21.226,1.0,0.804,0,110.496,1.315,1.414
861,8356.073,298.253,8566.97,8145.176,8566.97,8145.176,38.822,77.644,54.902,0.2,2,16.011,8.005,16.011,105.132,16.011,1.0,0.849,0,77.644,-0.049,1.414
862,2056.502,474.753,1931.698,1394.035,2699.626,1394.035,29.929,122.866,42.468,1.6,7,41.907,5.987,24.682,135.146,41.907,1.0,0.75,0,34.918,-0.278,1.419
863,2451.503,2269.271,2457.173,649.604,6289.917,649.604,110.258,189.92,78.711,2.4,6,127.768,21.295,37.679,95.05,127.768,1.0,0.454,0,132.309,-0.736,0.714
864,4673.566,2866.672,6700.61,2646.523,6700.61,2646.523,53.188,106.377,75.22,0.2,2,20.291,10.145,20.291,134.669,20.291,1.0,0.645,0,106.377,-0.605,1.414
865,19954.161,8290.407,4249.265,10329.905,32965.438,4249.265,166.314,453.306,129.955,2.0,11,333.021,30.275,87.148,157.682,333.021,1.0,0.715,0,182.946,1.431,0.781
868,5313.818,2851.682,2022.971,7058.418,7058.418,2022.971,104.436,221.781,111.453,0.4,3,60.891,20.297,42.636,135.245,60.891,1.0,0.538,0,156.655,2.489,1.067
869,3204.596,15.191,3193.854,3215.338,3215.338,3193.854,42.994,85.988,60.803,0.2,2,18.033,9.017,18.033,88.294,18.033,1.0,0.53,0,85.988,0.007,1.414
872,18976.672,5299.834,16103.892,4172.26,25337.004,4172.26,167.392,324.975,82.975,2.6,14,420.754,30.054,57.616,131.043,420.754,1.0,0.87,0,180.269,-0.741,0.496
875,26096.077,8823.516,20595.102,8215.278,40617.656,8215.278,163.589,421.872,131.56,2.2,12,358.033,29.836,74.554,195.173,358.033,1.0,0.746,0,178.46,-0.601,0.804
876,2152.844,411.109,2443.542,1862.146,2443.542,1862.146,19.266,38.533,27.247,0.2,2,8.359,4.18,8.359,37.008,8.359,1.0,0.828,0,38.533,-0.238,1.414
877,1702.495,154.741,1736.126,1524.795,1894.42,1524.795,24.154,60.877,25.891,0.6,4,19.983,4.996,12.895,90.57,19.983,1.0,0.639,0,32.206,-0.122,1.072
878,3578.006,1450.055,5442.779,1886.339,5442.779,1886.339,113.623,231.975,84.793,0.8,5,105.939,21.188,45.629,160.941,105.939,1.0,0.698,0,142.028,-0.653,0.746
880,10072.841,2019.8,6392.182,12408.24,12408.24,6392.182,100.843,207.036,68.096,1.6,9,169.337,18.815,37.785,163.783,169.337,1.0,0.809,0,113.449,0.941,0.675
881,12610.405,2254.145,6307.059,12670.837,15552.486,6307.059,100.52,289.913,88.548,2.0,11,203.481,18.498,58.016,165.253,203.481,1.0,0.757,0,110.572,1.009,0.881
882,1592.061,144.53,1696.243,1574.728,1808.572,1337.73,43.784,173.534,50.09,2.0,11,90.592,8.236,29.956,169.809,90.592,1.0,0.724,0,48.162,-0.072,1.144
883,8563.367,4584.579,12964.45,3815.04,12964.45,3815.04,152.771,296.699,148.547,0.4,3,90.87,30.29,59.551,69.71,90.87,1.0,0.777,0,229.156,-0.706,0.972
884,28664.596,4651.27,37067.12,18069.4,40640.35,16794.482,85.44,234.232,47.725,21.0,106,1598.382,15.079,42.097,190.037,1598.382,1.0,0.905,0,86.254,-0.513,0.559
887,2349.871,52.586,2408.452,2306.742,2408.452,2306.742,25.072,44.029,22.642,0.4,3,14.982,4.994,8.687,54.968,14.982,1.0,0.581,0,37.607,-0.042,0.903
888,811.468,191.314,1031.977,712.736,1031.977,689.691,19.449,31.452,16.996,0.4,3,11.787,3.929,6.26,39.933,11.787,1.0,0.615,0,29.173,-0.309,0.874
889,784.852,110.699,749.369,1019.569,1019.569,691.866,15.347,48.425,15.815,1.2,7,22.654,3.236,9.931,134.389,22.654,1.0,0.689,0,17.905,0.361,1.03
890,874.833,70.212,783.849,939.574,963.315,760.921,12.913,26.65,8.484,2.8,15,35.145,2.343,5.985,183.071,35.145,1.0,0.768,0,13.835,0.199,0.657
891,1900.675,270.707,2481.565,1998.2,2481.565,1661.088,22.678,63.477,21.762,1.4,8,34.817,4.352,11.863,175.898,34.817,1.0,0.792,0,25.918,-0.195,0.96
892,845.436,109.848,779.814,998.04,998.04,752.841,5.723,11.909,5.002,0.6,4,5.201,1.3,2.405,165.438,5.201,1.0,0.428,0,7.63,0.28,0.874
893,1153.562,449.356,1663.453,717.569,1663.453,717.569,21.324,42.281,18.916,0.8,4,16.506,4.127,8.078,37.772,16.506,1.0,0.321,0,28.432,-0.569,0.887
894,1164.217,145.747,1061.158,1267.276,1267.276,1061.158,18.264,36.529,25.83,0.2,2,7.718,3.859,7.718,31.301,7.718,1.0,0.52,0,36.529,0.194,1.414
895,2449.674,240.885,2782.603,2624.376,2782.603,2232.924,22.614,43.661,17.302,0.8,5,21.948,4.39,8.193,91.394,21.948,1.0,0.752,0,28.268,-0.057,0.765
896,29745.086,4169.629,28297.797,27257.457,43029.258,23401.076,75.885,161.58,48.822,5.0,26,353.065,13.579,28.27,193.303,353.065,1.0,0.905,0,78.921,-0.037,0.643
897,71205.275,8514.761,68755.95,65470.92,83617.3,51927.387,71.121,215.751,55.302,5.0,26,329.12,12.658,37.543,159.666,329.12,1.0,0.85,0,73.965,-0.048,0.778
898,70569.239,10308.459,73367.92,68408.53,84605.234,50602.664,60.885,195.577,42.822,5.0,26,280.864,10.802,34.905,190.788,280.864,1.0,0.823,0,63.321,-0.068,0.703
899,29285.743,1942.531,28565.252,29947.3,33288.074,25957.104,56.243,159.009,34.246,9.6,49,496.082,10.124,27.898,181.18,496.082,1.0,0.914,0,57.415,0.048,0.609
902,2080.766,658.445,1275.1,2265.922,2851.864,1275.1,127.369,226.056,96.243,1.4,4,102.355,25.589,44.332,115.667,102.355,1.0,0.669,0,169.826,0.777,0.756
903,19313.222,1662.821,18137.43,20489.014,20489.014,18137.43,179.316,358.633,253.592,0.6,2,71.62,35.81,71.62,137.102,71.62,1.0,0.854,0,358.633,0.13,1.414
904,12041.761,13311.057,2629.423,21454.1,21454.1,2629.423,98.001,196.002,138.595,0.2,2,37.977,18.988,37.977,153.807,37.977,1.0,0.851,0,196.002,7.159,1.414
905,2032.005,387.327,1722.609,1700.49,2492.203,1700.49,148.63,201.937,99.137,0.8,4,111.273,27.818,40.334,71.026,111.273,1.0,0.608,0,198.173,-0.013,0.667
907,2348.612,1160.812,1044.972,3270.389,3270.389,1044.972,83.921,165.491,82.77,1.8,3,49.358,16.453,33.932,139.432,49.358,1.0,0.415,0,125.881,2.13,0.986
908,18288.339,7343.152,889.124,24009.586,24009.586,889.124,199.483,390.944,107.835,1.8,9,323.091,35.899,68.561,153.568,323.091,1.0,0.702,0,224.419,26.004,0.541
909,1669.084,824.25,1477.145,957.739,2572.37,957.739,133.114,207.616,115.553,1.0,3,79.756,26.585,40.973,165.267,79.756,1.0,0.578,0,199.67,-0.352,0.868
910,2430.237,2417.18,4139.442,721.033,4139.442,721.033,92.549,185.098,130.884,0.4,2,37.199,18.599,37.199,123.145,37.199,1.0,0.507,0,185.098,-0.826,1.414
915,1906.731,1022.994,2630.098,1183.365,2630.098,1183.365,99.82,199.639,141.166,0.2,2,40.5,20.25,40.5,81.682,40.5,1.0,0.681,0,199.639,-0.55,1.414
917,2415.09,1803.128,3690.094,1140.086,3690.094,1140.086,46.197,92.395,65.333,0.2,2,18.644,9.322,18.644,57.407,18.644,1.0,0.8,0,92.395,-0.691,1.414
919,1332.0,790.804,1891.182,772.817,1891.182,772.817,84.703,169.406,119.788,0.2,2,34.239,17.12,34.239,53.019,34.239,1.0,0.483,0,169.406,-0.591,1.414
920,9960.185,13359.621,513.506,19406.863,19406.863,513.506,117.479,234.959,166.141,0.2,2,47.209,23.605,47.209,38.445,47.209,1.0,0.797,0,234.959,36.793,1.414
921,16565.477,2246.949,18154.31,14976.644,18154.31,14976.644,86.66,173.319,122.555,0.6,2,35.556,17.778,35.556,83.613,35.556,1.0,0.524,0,173.319,-0.175,1.414
922,6503.012,8333.463,855.904,16074.101,16074.101,855.904,61.243,108.358,55.543,1.0,3,36.483,12.161,21.647,91.314,36.483,1.0,0.618,0,91.864,17.78,0.907
923,16974.478,392.965,17252.346,16696.61,17252.346,16696.61,56.207,112.415,79.489,0.2,2,22.729,11.365,22.729,101.64,22.729,1.0,0.857,0,112.415,-0.032,1.414
931,17519.019,8771.486,23070.113,7406.716,23070.113,7406.716,235.745,460.419,230.409,0.4,3,137.973,45.991,90.994,107.775,137.973,1.0,0.694,0,353.617,-0.679,0.977
934,1471.511,718.221,963.652,1979.37,1979.37,963.652,31.169,62.337,44.079,0.2,2,12.983,6.491,12.983,72.978,12.983,1.0,0.486,0,62.337,1.054,1.414
937,14558.239,10651.22,2474.524,22584.123,22584.123,2474.524,207.546,379.591,192.27,0.4,3,120.191,40.064,72.994,122.138,120.191,1.0,0.739,0,311.319,8.127,0.926
943,15238.751,2199.684,15688.724,12848.874,17178.656,12848.874,187.954,284.489,162.793,0.4,3,109.099,36.366,56.158,175.932,109.099,1.0,0.882,0,281.932,-0.181,0.866
946,7202.084,2260.421,8800.443,5603.725,8800.443,5603.725,66.355,132.709,93.84,0.2,2,26.562,13.281,26.562,11.516,26.562,1.0,0.727,0,132.709,-0.363,1.414
947,17243.788,1719.263,14704.107,18506.818,18506.818,14704.107,148.984,247.287,107.678,0.6,4,113.156,28.289,46.983,133.465,113.156,1.0,0.879,0,198.646,0.259,0.723
950,1800.827,1002.655,2890.001,916.252,2890.001,916.252,104.053,216.547,108.52,0.6,3,62.882,20.961,43.285,112.971,62.882,1.0,0.472,0,156.08,-0.683,1.043
951,2580.305,1074.588,3340.154,1820.457,3340.154,1820.457,32.125,64.249,45.431,0.2,2,12.738,6.369,12.738,99.749,12.738,1.0,0.803,0,64.249,-0.455,1.414
952,2240.482,1720.549,3457.094,1023.87,3457.094,1023.87,103.656,207.311,146.591,0.4,2,42.274,21.137,42.274,67.712,42.274,1.0,0.5,0,207.311,-0.704,1.414
953,15514.273,9006.445,24953.906,7014.768,24953.906,7014.768,199.817,361.335,183.687,2.2,3,117.208,39.069,72.529,95.531,117.208,1.0,0.615,0,299.726,-0.719,0.919
954,19579.041,11324.256,27357.992,6587.109,27357.992,6587.109,123.938,301.264,157.568,0.4,3,73.282,24.427,59.908,138.031,73.282,1.0,0.841,0,185.907,-0.759,1.271
955,1589.57,743.81,1063.617,2115.523,2115.523,1063.617,17.205,34.41,24.332,1.8,2,6.582,3.291,6.582,20.891,6.582,1.0,0.663,0,34.41,0.989,1.414
956,1194.42,218.74,1039.747,1349.092,1349.092,1039.747,67.857,135.714,95.964,1.8,2,26.497,13.248,26.497,160.771,26.497,1.0,0.408,0,135.714,0.298,1.414
957,1355.582,609.509,924.594,1786.57,1786.57,924.594,23.634,47.269,33.424,0.4,2,9.359,4.68,9.359,110.515,9.359,1.0,0.483,0,47.269,0.932,1.414
958,1570.941,529.394,1945.279,1196.604,1945.279,1196.604,71.577,143.154,101.225,0.2,2,27.895,13.947,27.895,9.308,27.895,1.0,0.725,0,143.154,-0.385,1.414
959,1762.48,835.027,1387.123,2719.314,2719.314,1181.002,116.682,207.508,106.143,0.6,3,66.359,22.12,37.525,123.866,66.359,1.0,0.678,0,175.024,0.96,0.91
960,2845.963,1458.054,1371.228,2879.918,4286.743,1371.228,88.786,145.281,77.837,0.6,3,51.718,17.239,26.658,96.324,51.718,1.0,0.591,0,133.178,1.1,0.877
963,11762.736,6464.699,19170.805,2048.326,20685.934,2048.326,205.211,393.902,129.103,2.4,7,276.849,39.55,79.864,173.929,276.849,1.0,0.682,0,239.413,-0.893,0.629
964,1377.237,353.5,1127.275,1627.199,1627.199,1127.275,83.991,167.982,118.781,2.8,2,33.778,16.889,33.778,35.97,33.778,1.0,0.734,0,167.982,0.443,1.414
968,19203.958,2623.97,22076.377,18602.688,22076.377,16932.809,87.69,171.857,85.983,0.6,3,51.142,17.047,33.494,214.639,51.142,1.0,0.762,0,131.535,-0.157,0.981
972,16045.256,1643.591,14883.061,17207.45,17207.45,14883.061,148.727,297.454,210.332,0.6,2,60.649,30.325,60.649,80.772,60.649,1.0,0.846,0,297.454,0.156,1.414
973,13309.658,509.864,13670.186,12949.13,13670.186,12949.13,158.985,317.969,224.838,0.2,2,63.313,31.657,63.313,72.318,63.313,1.0,0.838,0,317.969,-0.053,1.414
975,10783.352,10710.424,18356.766,3209.938,18356.766,3209.938,80.771,161.542,114.227,3.2,2,32.558,16.279,32.558,87.866,32.558,1.0,0.605,0,161.542,-0.825,1.414
976,16281.385,6595.666,17510.418,6616.98,20597.645,6616.98,214.73,396.672,179.288,0.6,4,165.362,41.34,76.329,164.389,165.362,1.0,0.801,0,286.306,-0.622,0.835
977,1501.054,780.139,2052.696,949.413,2052.696,949.413,44.75,89.5,63.286,0.4,2,17.99,8.995,17.99,36.522,17.99,1.0,0.507,0,89.5,-0.537,1.414
978,15840.951,6614.358,19870.395,6277.553,20637.938,6277.553,133.393,303.472,153.193,0.6,4,97.968,24.492,58.149,89.76,97.968,1.0,0.728,0,177.858,-0.684,1.148
980,1759.904,72.787,1811.372,1708.436,1811.372,1708.436,30.122,60.245,42.599,0.2,2,11.115,5.557,11.115,175.328,11.115,1.0,0.665,0,60.245,-0.057,1.414
985,16755.075,1307.785,18006.623,16861.094,18006.623,15397.507,195.577,338.477,175.279,0.4,3,114.086,38.029,67.091,173.405,114.086,1.0,0.681,0,293.366,-0.064,0.896
988,17903.555,8273.601,1834.244,20895.23,23811.107,1834.244,242.364,455.894,189.434,1.0,6,265.402,44.234,79.913,202.628,265.402,1.0,0.758,0,290.837,10.392,0.782
989,1213.84,352.772,1463.288,964.393,1463.288,964.393,73.951,147.901,104.582,0.2,2,29.459,14.729,29.459,53.692,29.459,1.0,0.634,0,147.901,-0.341,1.414
990,1203.057,758.216,2055.889,605.178,2055.889,605.178,56.324,105.462,53.097,0.4,3,32.176,10.725,19.839,165.657,32.176,1.0,0.544,0,84.486,-0.706,0.943
996,1081.862,136.33,985.462,1178.262,1178.262,985.462,60.508,121.017,85.572,0.2,2,24.503,12.252,24.503,114.606,24.503,1.0,0.652,0,121.017,0.196,1.414
1003,559.376,73.895,507.124,611.627,611.627,507.124,31.253,62.507,44.199,0.2,2,11.65,5.825,11.65,128.648,11.65,1.0,0.767,0,62.507,0.206,1.414
1004,982.22,216.993,828.783,1135.657,1135.657,828.783,43.984,87.967,62.202,0.2,2,17.177,8.588,17.177,118.29,17.177,1.0,0.666,0,87.967,0.37,1.414
1005,849.569,218.682,694.938,1004.2,1004.2,694.938,7.988,15.975,11.296,0.4,2,3.812,1.906,3.812,68.057,3.812,1.0,0.435,0,15.975,0.445,1.414
1006,572.807,102.653,500.22,645.394,645.394,500.22,53.228,106.455,75.275,0.2,2,21.833,10.916,21.833,54.33,21.833,1.0,0.612,0,106.455,0.29,1.414
1011,16891.088,3814.46,14193.857,19588.318,19588.318,14193.857,123.769,247.537,175.035,0.4,2,49.009,24.504,49.009,12.703,49.009,1.0,0.866,0,247.537,0.38,1.414
1012,8559.27,6021.648,12817.218,4301.321,12817.218,4301.321,121.599,243.199,171.968,0.2,2,48.515,24.258,48.515,57.52,48.515,1.0,0.643,0,243.199,-0.664,1.414
1013,18053.164,4144.868,14485.021,23012.498,23012.498,14485.021,278.488,471.535,171.26,0.8,5,258.267,51.653,83.764,113.857,258.267,1.0,0.897,0,348.11,0.589,0.615
1014,25150.05,2739.722,21064.5,26649.205,26785.54,21064.5,308.647,492.566,214.339,0.6,4,235.362,58.84,94.31,66.387,235.362,1.0,0.826,0,411.529,0.265,0.694
1015,5714.284,1064.431,6466.951,4961.618,6466.951,4961.618,61.167,122.334,86.503,0.2,2,25.48,12.74,25.48,58.894,25.48,1.0,0.719,0,122.334,-0.233,1.414
1016,25339.881,3342.422,27703.33,22976.432,27703.33,22976.432,170.321,340.643,240.871,0.2,2,66.674,33.337,66.674,4.389,66.674,1.0,0.863,0,340.643,-0.171,1.414
1017,19804.528,3738.807,22448.264,17160.793,22448.264,17160.793,136.662,273.324,193.269,0.2,2,53.558,26.779,53.558,133.807,53.558,1.0,0.866,0,273.324,-0.236,1.414
1018,17225.142,5198.038,13549.574,20900.71,20900.71,13549.574,179.38,358.759,253.681,0.2,2,71.027,35.513,71.027,0.541,71.027,1.0,0.708,0,358.759,0.543,1.414
1019,25068.259,2650.223,25698.496,27346.553,27346.553,22159.729,166.178,342.403,171.423,0.4,3,97.129,32.376,67.967,145.469,97.129,1.0,0.91,0,249.267,0.064,1.032
1020,21617.37,6498.232,27307.629,13334.886,27307.629,13334.886,105.922,268.634,114.499,0.6,4,82.02,20.505,51.82,131.224,82.02,1.0,0.827,0,141.229,-0.512,1.081
