tracker_id,frame_idx,timestamp,centroid_x,centroid_y,area,class,speed_px_per_sec,source_video
111,0,0.0,264,212,9512.604,0,0.0,2.avi
111,1,0.2,272,201,9873.184,0,69.44504244900664,2.avi
111,2,0.4,259,193,10053.541,0,102.69663238661164,2.avi
111,3,0.6,254,183,10161.74,0,34.41716448393541,2.avi
111,4,0.8,251,172,9809.857,0,19.76129015175049,2.avi
111,5,1.0,260,162,9788.989,0,78.04749939717556,2.avi
111,6,1.2,299,158,9131.877,0,188.63011415473275,2.avi
111,7,1.4,321,162,9382.152,0,77.85505825546446,2.avi
111,8,1.6,330,168,10342.533,0,86.5552794177154,2.avi
111,9,1.8,334,176,10210.465,0,50.75373050145997,2.avi
111,10,2.0,340,185,9452.769,0,11.605153236809684,2.avi
111,11,2.2,326,195,9386.496,0,118.08150289358908,2.avi
111,12,2.4,323,212,8815.391,0,50.831085364865785,2.avi
111,13,2.6,325,239,9361.952,0,82.66384333792169,2.avi
111,14,2.8,321,260,9992.18,0,34.075463033901165,2.avi
111,15,3.0,303,273,9639.592,0,99.91788279605728,2.avi
111,16,3.2,265,275,8779.342,0,148.83379269842231,2.avi
111,17,3.4,270,275,9021.762,0,212.07647150735917,2.avi
111,18,3.6,268,276,9179.728,0,8.127902293125437,2.avi
111,19,3.8,279,274,12056.543,0,84.89132074197623,2.avi
111,20,4.0,283,275,11243.574,0,28.361546268114143,2.avi
111,21,4.2,289,281,10521.159,0,31.03999938122385,2.avi
111,22,4.4,287,288,10134.211,0,44.74750334070253,2.avi
111,23,4.6,266,299,10115.02,0,117.19017625937276,2.avi
111,24,4.8,250,301,9788.811,0,40.1575992752492,2.avi
111,25,5.0,232,295,9220.543,0,58.02702892177827,2.avi
111,26,5.2,214,285,9508.202,0,33.9938808228397,2.avi
111,27,5.4,207,278,9222.219,0,57.35028618270235,2.avi
111,28,5.6,210,275,11026.465,0,75.9484520108654,2.avi
111,29,5.8,206,260,12743.837,0,62.826374189563566,2.avi
111,30,6.0,209,257,12608.342,0,61.61414076213399,2.avi
111,31,6.2,202,257,11312.543,0,54.63500184875537,2.avi
111,32,6.4,189,252,10619.289,0,45.78698970766642,2.avi
111,33,6.6,191,254,10383.029,0,79.40449597863798,2.avi
111,34,6.8,190,263,10071.359,0,42.3946920529193,2.avi
111,35,7.0,164,277,10066.707,0,144.19812160042446,2.avi
111,36,7.2,120,287,9326.388,0,136.0035626491286,2.avi
111,37,7.4,81,292,10096.711,0,33.11405967405179,2.avi
111,38,7.6,47,293,10889.506,0,46.01264213741464,2.avi
111,39,7.8,30,293,8746.649,0,97.69896272095288,2.avi
111,40,8.0,23,292,6098.9033,0,80.75173265015489,2.avi
112,1,0.2,551,1002,6910.6733,0,0.0,3.avi
113,3,0.6,464,773,16988.896,0,0.0,3.avi
114,4,0.8,437,683,19698.19,0,0.0,3.avi
114,5,1.0,424,634,20248.172,0,259.3456106630679,3.avi
114,6,1.2,423,620,18598.092,0,146.5195174409178,3.avi
114,7,1.4,440,618,18544.71,0,124.15469608053743,3.avi
114,8,1.6,467,633,17798.441,0,145.4159031755332,3.avi
114,9,1.8,504,644,15755.774,0,71.62162750979935,3.avi
114,10,2.0,543,653,21236.264,0,33.96312478532271,3.avi
114,11,2.2,588,673,17885.51,0,76.47261942258378,3.avi
114,12,2.4,628,688,15414.319,0,24.4134320788052,3.avi
114,13,2.6,668,709,15037.418,0,28.301254965158986,3.avi
114,14,2.8,697,745,15157.914,0,114.37624446167122,3.avi
114,15,3.0,705,766,13799.194,0,145.081165241872,3.avi
114,16,3.2,732,782,14555.049,0,93.42642627995332,3.avi
114,17,3.4,782,786,16451.428,0,161.63235152586458,3.avi
114,18,3.6,831,790,14619.355,0,35.080991178674424,3.avi
114,19,3.8,875,790,13230.711,0,29.227978688363983,3.avi
114,20,4.0,934,802,14291.639,0,90.87170167539324,3.avi
114,21,4.2,978,843,11733.539,0,191.9548059299852,3.avi
114,22,4.4,981,863,9859.543,0,261.5717752475924,3.avi
114,23,4.6,973,862,11653.316,0,180.03923589447083,3.avi
114,24,4.8,970,858,13965.824,0,52.43389201717065,3.avi
114,25,5.0,983,873,16030.639,0,128.02825876850284,3.avi
114,26,5.2,1018,858,15506.64,0,212.39729031744696,3.avi
114,27,5.4,1053,842,14388.704,0,46.9760801342326,3.avi
114,28,5.6,1072,847,13514.496,0,132.5636416855075,3.avi
114,29,5.8,1069,851,12678.277,0,146.55013210032584,3.avi
114,30,6.0,1073,836,12567.101,0,100.2513674636218,3.avi
114,31,6.2,1084,825,12654.893,0,37.59247184437468,3.avi
114,32,6.4,1106,817,13848.51,0,81.4950207210762,3.avi
114,33,6.6,1123,817,13775.319,0,47.51933098581105,3.avi
114,34,6.8,1151,832,11913.254,0,112.5594639703127,3.avi
114,35,7.0,1155,834,12162.448,0,130.52937153759876,3.avi
114,36,7.2,1182,810,12642.794,0,191.33388926497824,3.avi
114,37,7.4,1200,800,13523.437,0,51.26581509609986,3.avi
114,38,7.6,1217,818,12581.964,0,166.9904452352933,3.avi
114,39,7.8,1213,845,11633.965,0,151.52072506671337,3.avi
114,40,8.0,1196,881,11165.993,0,125.85012740735078,3.avi
114,41,8.2,1164,931,10285.073,0,139.55281508814286,3.avi
114,42,8.4,1123,950,13513.54,0,169.60777517441235,3.avi
114,43,8.6,1097,944,15270.018,0,186.12604612178325,3.avi
114,44,8.8,1080,921,13603.098,0,153.45114828100856,3.avi
114,45,9.0,1074,896,12621.879,0,93.9907047739866,3.avi
114,46,9.2,1073,881,12228.904,0,70.45212490628326,3.avi
114,47,9.4,1074,876,13035.615,0,67.77721771353063,3.avi
114,48,9.6,1073,868,13358.596,0,11.511732929869511,3.avi
114,49,9.8,1069,871,13595.266,0,64.71106273814615,3.avi
114,50,10.0,1060,877,13467.09,0,48.667239161442936,3.avi
115,2,0.4,1112,266,22570.025,0,0.0,4.avi
116,7,1.4,1134,1015,476.77606,0,0.0,4.avi
117,0,0.0,512,924,1078.5192,0,0.0,5.avi
117,1,0.2,514,923,963.6088,0,10.432703947309792,5.avi
117,2,0.4,514,920,922.3479,0,8.181663313734827,5.avi
117,3,0.6,512,920,871.1975,0,16.116614401581398,5.avi
117,5,1.0,494,924,998.9874,0,79.92556737059508,5.avi
118,5,1.0,515,175,15865.522,0,0.0,5.avi
119,5,1.0,399,169,613.78546,0,0.0,5.avi
120,5,1.0,458,231,1417.0908,0,0.0,5.avi
121,5,1.0,432,135,634.7242,0,0.0,5.avi
117,6,1.2,494,918,890.9815,0,54.9531145137591,5.avi
117,7,1.4,498,911,986.85156,0,36.19459926088578,5.avi
117,8,1.6,503,901,1083.8289,0,24.030618641016684,5.avi
118,8,1.6,560,237,26195.64,0,379.4117906059513,5.avi
117,9,1.8,507,890,1185.6697,0,12.910116764793091,5.avi
117,10,2.0,509,879,1209.0697,0,8.922712838913904,5.avi
118,10,2.0,524,281,27502.984,0,305.729628009964,5.avi
117,11,2.2,509,855,1019.2485,0,74.83259258061224,5.avi
117,12,2.4,499,808,1052.2333,0,165.08657311176387,5.avi
122,12,2.4,425,465,28882.148,0,0.0,5.avi
123,15,3.0,315,690,24355.07,0,0.0,5.avi
124,17,3.4,203,867,26864.29,0,0.0,5.avi
125,3,0.6,311,355,22765.785,0,0.0,6.avi
126,4,0.8,367,460,25018.373,0,0.0,6.avi
126,5,1.0,394,523,22932.426,0,344.0332807487856,6.avi
126,6,1.2,436,596,20121.816,0,162.23614167992795,6.avi
126,7,1.4,468,677,25252.367,0,70.79900050719107,6.avi
126,8,1.6,492,779,20225.123,0,143.3260251000803,6.avi
126,9,1.8,517,872,23887.459,0,17.76294579891107,6.avi
127,0,0.0,44,725,792.6411,0,0.0,7.avi
128,0,0.0,1154,576,1179.0006,0,0.0,7.avi
129,0,0.0,872,851,3033.7878,0,0.0,7.avi
127,1,0.2,43,726,842.2512,0,7.8138990482729405,7.avi
128,1,0.2,1149,580,1408.6163,0,31.93128008145722,7.avi
129,1,0.2,875,856,2867.4995,0,29.243730562487038,7.avi
127,2,0.4,43,726,941.20526,0,7.745051021949872,7.avi
128,2,0.4,1150,585,2209.2002,0,26.498215641778533,7.avi
129,2,0.4,875,863,2968.62,0,14.0585118903755,7.avi
127,3,0.6,47,726,1083.2837,0,18.114935481504062,7.avi
128,3,0.6,1131,593,1924.7358,0,108.53344691691142,7.avi
129,3,0.6,876,867,2767.9463,0,11.511659972186749,7.avi
127,4,0.8,49,725,1041.4708,0,8.616115456958122,7.avi
128,4,0.8,1114,601,1537.1143,0,17.857199400786726,7.avi
129,4,0.8,876,871,3149.0854,0,7.430300428828154,7.avi
127,5,1.0,47,726,894.45557,0,22.80577359237623,7.avi
128,5,1.0,1103,610,1341.3683,0,34.11905061629241,7.avi
129,5,1.0,877,875,3089.831,0,4.781627531433378,7.avi
127,6,1.2,45,726,799.41486,0,8.179679776413709,7.avi
128,6,1.2,1095,615,1281.2356,0,28.076457672323087,7.avi
129,6,1.2,878,878,3280.753,0,2.0041174238228066,7.avi
130,6,1.2,1125,604,701.0733,0,0.0,7.avi
127,7,1.4,43,728,749.1694,0,12.073834727910093,7.avi
128,7,1.4,1087,618,1174.6748,0,21.370231962460128,7.avi
129,7,1.4,882,882,3081.8054,0,12.670064395216452,7.avi
130,7,1.4,1116,606,652.4315,0,48.684492764194935,7.avi
127,8,1.6,40,731,706.90985,0,13.94845428123148,7.avi
128,8,1.6,1076,619,1123.7235,0,19.217697384645664,7.avi
129,8,1.6,885,884,3245.6067,0,7.7534119390803795,7.avi
128,9,1.8,1066,620,1124.7119,0,4.431120943320755,7.avi
129,9,1.8,889,885,3132.2832,0,12.881752186389374,7.avi
127,10,2.0,34,739,748.0488,0,18.368506111506857,7.avi
128,10,2.0,1064,618,2121.0327,0,51.87304054377849,7.avi
129,10,2.0,892,884,3410.0056,0,8.575447446337465,7.avi
127,11,2.2,33,740,792.639,0,12.30532722971348,7.avi
128,11,2.2,1055,619,2384.345,0,30.81047303543069,7.avi
129,11,2.2,892,883,3180.893,0,18.643731962778556,7.avi
129,12,2.4,893,882,3233.0923,0,2.981784496387123,7.avi
129,13,2.6,892,883,3234.996,0,13.416239559022378,7.avi
129,14,2.8,890,882,3126.9277,0,6.339958401710962,7.avi
127,15,3.0,35,741,697.2732,0,74.22726491026386,7.avi
128,15,3.0,1006,636,1107.519,0,164.9680106232289,7.avi
129,15,3.0,886,882,2968.015,0,17.44309857136873,7.avi
128,16,3.2,1003,634,1084.9392,0,19.920178962953813,7.avi
129,16,3.2,881,881,3050.406,0,8.637259641089555,7.avi
131,16,3.2,1031,620,680.3798,0,0.0,7.avi
128,17,3.4,1000,633,1132.0757,0,5.6297362855236806,7.avi
131,17,3.4,1027,618,687.56134,0,19.90987552660932,7.avi
128,18,3.6,995,632,1155.3414,0,9.17029127670831,7.avi
129,18,3.6,882,874,3014.2854,0,80.75629542971564,7.avi
131,18,3.6,1021,617,658.7247,0,16.58111699204546,7.avi
128,19,3.8,988,632,1223.7133,0,15.408455222373178,7.avi
129,19,3.8,879,875,3973.2896,0,23.61899624648461,7.avi
131,19,3.8,1014,617,678.42206,0,7.404160515674969,7.avi
128,20,4.0,982,632,1184.3975,0,8.368824326314762,7.avi
129,20,4.0,880,871,3443.7192,0,23.26589000250276,7.avi
131,20,4.0,1008,617,644.9205,0,10.12856306505346,7.avi
128,21,4.2,977,633,1269.6372,0,3.841403695249765,7.avi
129,21,4.2,877,869,3790.8384,0,18.0014543055513,7.avi
131,21,4.2,1004,617,689.00507,0,11.051393837971892,7.avi
128,22,4.4,971,634,1205.642,0,5.586516251959672,7.avi
129,22,4.4,875,866,3586.1719,0,6.0149290251964045,7.avi
131,22,4.4,998,618,681.85785,0,14.641795553569592,7.avi
128,23,4.6,964,634,1314.5944,0,8.356592481752028,7.avi
129,23,4.6,873,861,4140.633,0,13.1592051978209,7.avi
128,24,4.8,969,632,2043.0469,0,64.24060873351257,7.avi
129,24,4.8,871,854,3545.1865,0,16.126163315487172,7.avi
129,26,5.2,871,837,3392.0273,0,29.72180694564115,7.avi
129,27,5.4,869,829,3916.5508,0,16.712964198186928,7.avi
129,28,5.6,871,820,3787.9329,0,17.092220688779904,7.avi
132,29,5.8,930,663,1234.1173,0,0.0,7.avi
129,30,6.0,874,803,3698.7007,0,48.43974572982322,7.avi
132,30,6.0,917,682,1154.8389,0,117.74599718574548,7.avi
129,31,6.2,880,786,3617.1804,0,71.20513383486646,7.avi
132,31,6.2,908,711,920.66394,0,71.8884273904168,7.avi
129,32,6.4,884,767,4547.951,0,24.462301747816085,7.avi
129,33,6.6,883,769,5243.2812,0,108.70294990487064,7.avi
129,34,6.8,881,789,4099.6777,0,133.96688328358522,7.avi
129,35,7.0,879,797,3702.324,0,39.46740707053743,7.avi
133,35,7.0,874,750,1258.1998,0,0.0,7.avi
129,36,7.2,881,795,3032.1104,0,71.94135979884287,7.avi
129,37,7.4,882,782,4154.7065,0,72.74937080865185,7.avi
129,38,7.6,882,780,4725.3613,0,43.11267031349687,7.avi
129,39,7.8,881,785,5338.486,0,52.85396696099362,7.avi
129,40,8.0,879,803,4225.331,0,86.00055215716014,7.avi
129,41,8.2,874,813,3734.6436,0,34.076096907545384,7.avi
129,42,8.4,867,817,3504.0596,0,44.80142183425434,7.avi
129,43,8.6,864,812,4040.8953,0,66.63828391553068,7.avi
129,44,8.8,862,811,5275.948,0,16.411432041049594,7.avi
129,45,9.0,864,816,4982.3115,0,48.1764963518074,7.avi
129,46,9.2,869,831,4065.833,0,63.636490428391554,7.avi
129,47,9.4,874,837,3174.6802,0,38.93154072249944,7.avi
129,48,9.6,874,841,3037.8694,0,25.95298038164768,7.avi
129,49,9.8,874,841,2834.9214,0,31.63958023400913,7.avi
129,50,10.0,872,830,4221.341,0,68.108049129945,7.avi
129,51,10.2,871,841,3768.7168,0,108.44440709004674,7.avi
129,52,10.4,869,832,4686.8633,0,92.1534746612718,7.avi
129,53,10.6,870,838,4289.7896,0,73.88176244321498,7.avi
129,54,10.8,873,840,4175.5977,0,18.24803500882971,7.avi
129,55,11.0,878,839,4204.5186,0,29.46211793004521,7.avi
129,56,11.2,883,846,3796.8276,0,44.96951061349272,7.avi
129,57,11.4,887,853,4108.794,0,8.257929770657414,7.avi
134,1,0.2,532,882,28329.686,0,0.0,8.avi
135,2,0.4,854,1009,663.00916,0,0.0,8.avi
134,3,0.6,441,874,34078.836,0,456.359587488299,8.avi
136,3,0.6,800,1004,834.73584,0,0.0,8.avi
137,4,0.8,747,998,780.87494,0,0.0,8.avi
138,5,1.0,233,804,23081.283,0,0.0,8.avi
139,6,1.2,332,729,24389.8,0,0.0,8.avi
139,8,1.6,324,725,27028.42,0,44.59305478281165,8.avi
140,8,1.6,643,956,962.9733,0,0.0,8.avi
141,0,0.0,252,5,215.46524,0,0.0,9.avi
141,1,0.2,252,5,290.93695,0,2.699516423215904,9.avi
141,2,0.4,252,5,276.87448,0,7.137210980434389,9.avi
141,5,1.0,245,6,313.34866,0,61.710358778499256,9.avi
142,7,1.4,634,377,22350.512,0,0.0,9.avi
143,9,1.8,393,459,26742.416,0,0.0,9.avi
144,14,2.8,469,350,23862.469,0,0.0,9.avi
145,17,3.4,279,217,32971.816,0,0.0,9.avi
145,18,3.6,242,241,18312.012,0,222.15186083659069,9.avi
146,0,0.0,48,202,9351.569,0,0.0,10.avi
147,6,1.2,315,252,20947.217,0,0.0,10.avi
148,8,1.6,173,287,16854.31,0,0.0,10.avi
149,8,1.6,103,270,1440.7246,0,0.0,10.avi
148,9,1.8,178,280,12607.736,0,43.85114995647563,10.avi
148,10,2.0,207,247,17813.846,0,193.263330934677,10.avi
150,14,2.8,42,220,11232.221,0,0.0,10.avi
150,15,3.0,81,241,10988.845,0,221.2734179136748,10.avi
151,16,3.2,148,187,18781.525,0,0.0,10.avi
152,18,3.6,256,150,20651.57,0,0.0,10.avi
152,20,4.0,323,144,20255.482,0,335.1485848039695,10.avi
151,22,4.4,219,174,15070.774,0,361.7329114256368,10.avi
151,24,4.8,200,133,15256.051,0,248.11256120254396,10.avi
151,26,5.2,225,58,17268.605,0,283.232642089775,10.avi
153,37,7.4,201,95,11787.61,0,0.0,10.avi
153,39,7.8,169,82,12431.865,0,172.14649108539044,10.avi
153,41,8.2,151,35,9656.556,0,182.5655629786868,10.avi
154,7,1.4,447,87,24953.713,0,0.0,11.avi
155,9,1.8,435,258,16074.198,0,0.0,11.avi
156,9,1.8,367,230,1211.7933,0,0.0,11.avi
157,18,3.6,679,427,16586.979,0,0.0,11.avi
158,26,5.2,756,891,19676.127,0,0.0,11.avi
158,27,5.4,748,832,13225.203,0,301.8155805959043,11.avi
159,30,6.0,779,920,15113.231,0,0.0,11.avi
159,32,6.4,809,921,12236.934,0,150.5000384161045,11.avi
160,34,6.8,805,990,9724.202,0,0.0,11.avi
161,4,0.8,780,960,7829.6074,0,0.0,12.avi
161,5,1.0,752,990,5097.377,0,206.46103480789435,12.avi
162,6,1.2,723,954,6653.157,0,0.0,12.avi
162,7,1.4,723,904,6411.4087,0,248.87390756493028,12.avi
163,11,2.2,684,959,7659.06,0,0.0,12.avi
163,16,3.2,658,944,11082.22,0,150.95127665048798,12.avi
163,17,3.4,651,941,10150.714,0,30.16871576398144,12.avi
163,18,3.6,661,960,12315.352,0,153.38565541057486,12.avi
164,23,4.6,697,973,9952.33,0,0.0,12.avi
164,24,4.8,713,986,7385.715,0,106.70635424113368,12.avi
164,25,5.0,749,967,14226.218,0,191.49061768883504,12.avi
164,26,5.2,754,981,10137.779,0,231.35526156695968,12.avi
164,27,5.4,750,989,8976.49,0,86.60647471041851,12.avi
164,28,5.6,753,997,5752.8433,0,16.47908495647102,12.avi
164,29,5.8,769,977,9085.32,0,183.4837911685657,12.avi
164,30,6.0,749,967,10032.983,0,188.732189969097,12.avi
165,30,6.0,202,941,779.04626,0,0.0,12.avi
164,31,6.2,738,927,11994.992,0,169.85802766375272,12.avi
165,31,6.2,211,948,845.5419,0,56.40203203022951,12.avi
164,32,6.4,745,924,14128.13,0,200.4343603836957,12.avi
165,32,6.4,222,956,821.1685,0,22.80320981498016,12.avi
164,33,6.6,759,912,11076.254,0,60.75904845611811,12.avi
165,33,6.6,232,964,788.62085,0,4.23775416452698,12.avi
164,34,6.8,763,915,9420.118,0,92.6314088778288,12.avi
165,34,6.8,239,970,884.5381,0,22.399579611799847,12.avi
164,35,7.0,789,895,10915.861,0,164.0390940279103,12.avi
165,35,7.0,244,977,875.67365,0,18.451961307934468,12.avi
164,36,7.2,802,883,9838.75,0,55.74540894314748,12.avi
165,36,7.2,248,983,811.6766,0,12.075420820096848,12.avi
164,37,7.4,790,889,11729.945,0,182.05379644246537,12.avi
165,37,7.4,252,989,842.95557,0,1.3323999073741783,12.avi
164,38,7.6,792,915,9154.33,0,148.92470413193706,12.avi
165,38,7.6,256,993,839.8507,0,11.361325135278989,12.avi
164,39,7.8,791,924,11209.367,0,66.82347238421195,12.avi
165,39,7.8,264,998,912.9248,0,18.42193458169745,12.avi
164,40,8.0,760,956,11290.893,0,202.53291644939813,12.avi
165,40,8.0,273,1004,862.73364,0,18.788141953724715,12.avi
164,41,8.2,744,975,10060.507,0,63.50264413236077,12.avi
164,42,8.4,753,978,11448.264,0,181.9587915946963,12.avi
164,43,8.6,776,967,10304.34,0,153.61894066868538,12.avi
164,44,8.8,775,939,13694.329,0,162.60733559239443,12.avi
164,45,9.0,783,917,11239.124,0,28.299379310740065,12.avi
164,46,9.2,778,912,10579.9,0,111.50301032751295,12.avi
164,47,9.4,779,899,10387.14,0,21.19255521841363,12.avi
164,48,9.6,767,898,9948.478,0,86.74041827983042,12.avi
164,49,9.8,757,881,10372.841,0,73.57782848012951,12.avi
164,50,10.0,751,870,9151.951,0,25.209672814643195,12.avi
164,51,10.2,743,878,11113.91,0,107.74101751114917,12.avi
166,63,12.6,561,698,11181.444,0,0.0,12.avi
166,64,12.8,553,686,8312.041,0,73.25612900671334,12.avi
167,69,13.8,638,703,9551.101,0,0.0,12.avi
167,70,14.0,629,696,12411.203,0,61.33233747927604,12.avi
167,71,14.2,627,711,9942.034,0,115.06761733499523,12.avi
167,73,14.6,641,732,10517.926,0,151.02044468879953,12.avi
167,74,14.8,639,738,11719.486,0,45.90961880540938,12.avi
167,75,15.0,644,733,11526.375,0,78.86635065815632,12.avi
167,77,15.4,701,700,11342.864,0,254.67500349298132,12.avi
167,78,15.6,713,684,11942.092,0,54.01609194480345,12.avi
167,79,15.8,678,668,16488.977,0,269.8683626720183,12.avi
167,81,16.2,612,659,14254.318,0,199.9584504906861,12.avi
167,83,16.6,595,655,14385.11,0,256.666391224884,12.avi
167,85,17.0,595,669,13237.819,0,106.19549758835788,12.avi
167,88,17.6,654,728,11608.972,0,322.08781898697293,12.avi
167,89,17.8,689,718,12289.941,0,184.21666791381733,12.avi
167,90,18.0,777,706,13790.112,0,324.8216319857085,12.avi
168,100,20.0,1009,704,12954.802,0,0.0,12.avi
168,101,20.2,992,689,12852.523,0,113.61000727554094,12.avi
168,102,20.4,988,692,12137.312,0,89.5304004420214,12.avi
169,106,21.2,1005,630,15350.544,0,0.0,12.avi
169,107,21.4,1017,639,9566.951,0,74.9526143634174,12.avi
169,108,21.6,1020,667,12217.252,0,114.28551017226152,12.avi
169,109,21.8,1013,695,9968.356,0,63.18117729648486,12.avi
169,110,22.0,989,734,13231.884,0,124.1875843416086,12.avi
169,111,22.2,983,751,11136.841,0,131.67172408891722,12.avi
169,112,22.4,940,779,10867.461,0,192.1955933674252,12.avi
170,115,23.0,871,867,15522.178,0,0.0,12.avi
171,123,24.6,676,939,9990.556,0,0.0,12.avi
171,124,24.8,670,949,16601.799,0,56.92828102008376,12.avi
171,125,25.0,643,945,11623.178,0,133.4538219085696,12.avi
171,126,25.2,619,946,16358.588,0,21.27574207546524,12.avi
171,127,25.4,595,961,13022.473,0,88.44144421571542,12.avi
171,128,25.6,600,957,13462.712,0,186.612357680435,12.avi
171,129,25.8,589,940,11157.794,0,110.17002493928769,12.avi
172,133,26.6,667,990,6182.509,0,0.0,12.avi
173,1,0.2,855,788,10454.548,0,0.0,13.avi
173,2,0.4,855,770,7064.176,0,92.17472739558288,13.avi
173,3,0.6,855,773,3282.0645,0,93.23851515430452,13.avi
174,3,0.6,782,763,12853.569,0,0.0,13.avi
174,5,1.0,740,740,16034.184,0,239.90209151357,13.avi
174,6,1.2,771,739,12013.055,0,249.4572489326945,13.avi
174,7,1.4,761,776,12351.894,0,290.3555363706858,13.avi
174,8,1.6,749,832,10130.02,0,163.23738730121764,13.avi
174,9,1.8,747,874,16326.718,0,64.71204862664806,13.avi
175,2,0.4,371,841,19853.154,0,0.0,14.avi
176,3,0.6,314,792,12693.6045,0,0.0,14.avi
176,5,1.0,300,820,18546.027,0,153.81608653157318,14.avi
177,4,0.8,275,853,20738.098,0,0.0,15.avi
178,16,3.2,131,448,19412.95,0,0.0,15.avi
179,27,5.4,236,54,11531.167,0,0.0,15.avi
180,0,0.0,1058,34,9362.459,0,0.0,16.avi
180,1,0.2,1039,78,12147.428,0,242.27700349718023,16.avi
180,2,0.4,1040,165,17297.35,0,280.20036388468384,16.avi
180,3,0.6,1045,214,15429.141,0,180.4493636354853,16.avi
180,4,0.8,1009,248,20749.709,0,258.2520262313768,16.avi
180,5,1.0,970,254,16594.5,0,194.53829389152224,16.avi
180,6,1.2,950,248,16870.785,0,143.4842559459208,16.avi
180,7,1.4,929,193,13746.061,0,303.68852227334094,16.avi
180,8,1.6,860,142,14764.284,0,274.19460435292586,16.avi
180,9,1.8,775,103,11883.613,0,164.9167253923455,16.avi
180,10,2.0,699,65,12976.734,0,30.18960921891152,16.avi
181,16,3.2,506,86,21694.535,0,0.0,16.avi
182,18,3.6,557,290,14660.244,0,0.0,16.avi
182,19,3.8,563,338,12271.107,0,242.2847959757152,16.avi
182,20,4.0,557,359,11680.848,0,103.92149566228208,16.avi
183,20,4.0,485,338,2032.3958,0,0.0,16.avi
184,20,4.0,481,388,2305.6492,0,0.0,16.avi
182,21,4.2,543,388,8651.498,0,56.789335915080414,16.avi
183,21,4.2,476,358,2171.0486,0,112.08645709741948,16.avi
184,21,4.2,477,410,2200.9155,0,111.6606129960078,16.avi
185,21,4.2,516,335,1398.1628,0,0.0,16.avi
182,22,4.4,544,395,10298.903,0,134.5465747682659,16.avi
183,22,4.4,478,365,2707.3103,0,71.02841132612906,16.avi
184,22,4.4,481,422,1830.5469,0,44.85808765636527,16.avi
182,23,4.6,530,417,13246.404,0,92.48395228056197,16.avi
184,23,4.6,479,432,1810.7789,0,31.656347785313955,16.avi
182,24,4.8,521,446,17827.533,0,59.67518124169812,16.avi
182,25,5.0,519,458,18142.734,0,98.60816214179684,16.avi
182,26,5.2,531,479,14132.613,0,102.25580634091251,16.avi
182,27,5.4,523,498,9184.484,0,95.01274934589472,16.avi
183,27,5.4,500,436,1635.6675,0,186.75849403192865,16.avi
186,27,5.4,455,464,3305.3113,0,0.0,16.avi
182,28,5.6,515,479,6951.4907,0,220.5487449337764,16.avi
183,28,5.6,498,419,1557.0881,0,126.62823658534369,16.avi
186,28,5.6,454,441,3829.5557,0,116.6483720411755,16.avi
182,29,5.8,516,439,7008.6533,0,171.44075649019877,16.avi
186,29,5.8,451,413,3849.811,0,54.90109792203047,16.avi
182,30,6.0,531,410,8142.327,0,99.8062679787106,16.avi
186,30,6.0,464,385,3905.9048,0,89.13652507988797,16.avi
182,31,6.2,538,380,9227.722,0,29.56887714476738,16.avi
186,31,6.2,469,352,4004.197,0,38.99130355744565,16.avi
182,32,6.4,531,338,10022.865,0,110.55205222206516,16.avi
186,32,6.4,463,324,3653.8247,0,72.79285675923136,16.avi
182,33,6.6,529,278,10772.745,0,111.71755561375636,16.avi
186,33,6.6,450,298,4473.201,0,57.95080590915202,16.avi
182,34,6.8,516,223,10252.314,0,62.63670034271879,16.avi
187,34,6.8,502,294,3245.4182,0,0.0,16.avi
182,35,7.0,504,173,11841.651,0,33.38382574763158,16.avi
187,35,7.0,507,261,4638.7563,0,169.0064766725962,16.avi
182,36,7.2,467,155,11019.097,0,231.91284645107456,16.avi
187,36,7.2,491,207,4854.429,0,178.25989962682883,16.avi
182,37,7.4,448,142,14456.228,0,94.07366647449903,16.avi
187,37,7.4,493,174,4898.282,0,139.11761499919265,16.avi
182,38,7.6,415,143,14706.206,0,116.3084546134645,16.avi
182,39,7.8,346,133,14159.235,0,222.71600092399177,16.avi
188,39,7.8,419,122,4817.303,0,0.0,16.avi
182,40,8.0,279,160,12132.635,0,208.05165656199296,16.avi
189,40,8.0,341,182,3071.1096,0,0.0,16.avi
182,41,8.2,233,186,16869.602,0,115.17466173994168,16.avi
182,42,8.4,159,207,13149.66,0,135.6366862958181,16.avi
182,43,8.6,121,238,12326.706,0,185.0055827834321,16.avi
190,43,8.6,171,293,3612.525,0,0.0,16.avi
182,44,8.8,100,272,10301.002,0,136.38209377315115,16.avi
191,44,8.8,131,338,2595.486,0,0.0,16.avi
182,45,9.0,88,299,11733.359,0,87.05873258477538,16.avi
191,45,9.0,104,369,2848.7122,0,208.04517330350023,16.avi
182,46,9.2,70,336,9656.528,0,50.96286820440261,16.avi
191,46,9.2,69,406,2364.8281,0,91.49887080425933,16.avi
182,47,9.4,56,343,9953.667,0,158.5745099809903,16.avi
191,47,9.4,53,422,2764.0796,0,143.2751748671746,16.avi
182,48,9.6,49,339,9253.625,0,112.44177068830194,16.avi
191,48,9.6,43,410,2663.8015,0,192.44150653615648,16.avi
182,49,9.8,44,344,9356.56,0,39.1200805612522,16.avi
191,49,9.8,27,412,3029.5332,0,39.05685641558963,16.avi
182,50,10.0,33,357,6834.172,0,61.765242939302965,16.avi
191,50,10.0,19,432,2339.4668,0,118.40422614837524,16.avi
182,51,10.2,29,375,5671.111,0,49.71901814032999,16.avi
191,51,10.2,15,453,1899.4355,0,45.46480197832358,16.avi
182,52,10.4,16,415,3338.2954,0,144.08529235586292,16.avi
191,52,10.4,5,493,851.6319,0,113.99054188859849,16.avi
192,1,0.2,693,67,19807.61,0,0.0,17.avi
193,3,0.6,607,102,26462.64,0,0.0,17.avi
194,4,0.8,662,215,21627.543,0,0.0,17.avi
195,6,1.2,517,411,23805.873,0,0.0,17.avi
196,8,1.6,498,596,17268.371,0,0.0,17.avi
196,9,1.8,502,655,16222.664,0,297.4684060572206,17.avi
197,11,2.2,719,686,24489.111,0,0.0,17.avi
197,13,2.6,659,654,25565.424,0,336.61211976975824,17.avi
198,16,3.2,750,608,21230.654,0,0.0,17.avi
198,18,3.6,762,569,26152.008,0,204.78699672060208,17.avi
199,20,4.0,718,776,26263.764,0,0.0,17.avi
200,23,4.6,825,808,25030.969,0,0.0,17.avi
200,24,4.8,859,767,19164.51,0,269.1433800181217,17.avi
201,26,5.2,900,951,23508.488,0,0.0,17.avi
201,27,5.4,912,882,13516.161,0,354.7885739084164,17.avi
201,29,5.8,919,723,21008.428,0,125.03151393732676,17.avi
202,34,6.8,736,528,22782.93,0,0.0,17.avi
203,39,7.8,418,734,15180.365,0,0.0,17.avi
203,41,8.2,455,734,1874.1797,0,184.67293472562508,17.avi
204,41,8.2,529,772,14515.829,0,0.0,17.avi
205,46,9.2,632,994,9446.289,0,0.0,17.avi
206,0,0.0,1075,653,1486.8306,0,0.0,19.avi
207,1,0.2,1013,659,6908.1436,0,0.0,19.avi
208,7,1.4,895,537,1880.8313,0,0.0,19.avi
209,7,1.4,915,487,4096.3115,0,0.0,19.avi
210,11,2.2,1020,458,2658.2192,0,0.0,19.avi
210,13,2.6,1030,473,4621.461,0,92.8716076719844,19.avi
210,15,3.0,993,483,2067.0493,0,240.8170725027977,19.avi
211,16,3.2,1037,455,6559.807,0,0.0,19.avi
211,18,3.6,1079,441,5643.2197,0,219.21839250571665,19.avi
211,19,3.8,1076,426,4850.141,0,110.05940171914511,19.avi
211,20,4.0,1040,432,4471.2275,0,230.3191480559042,19.avi
211,21,4.2,1005,468,5440.6655,0,194.84243558773804,19.avi
211,22,4.4,972,494,4368.931,0,8.783344554589522,19.avi
211,23,4.6,941,530,4687.306,0,51.25074130378432,19.avi
211,24,4.8,950,558,5671.783,0,233.4810084182845,19.avi
212,24,4.8,909,768,405.11902,0,0.0,19.avi
213,27,5.4,999,574,6692.944,0,0.0,19.avi
213,29,5.8,963,553,1911.1094,0,207.89951482701517,19.avi
214,30,6.0,902,552,4094.142,0,0.0,19.avi
214,31,6.2,896,536,7116.953,0,87.4823081201528,19.avi
214,33,6.6,902,515,5204.945,0,136.30574150902888,19.avi
214,34,6.8,905,547,4278.581,0,223.93033104066168,19.avi
215,34,6.8,942,530,2676.2283,0,0.0,19.avi
214,35,7.0,915,547,2696.6387,0,135.53255170399774,19.avi
214,36,7.2,907,560,3323.781,0,98.30440812418702,19.avi
214,37,7.4,892,556,5265.68,0,105.2612654146094,19.avi
215,39,7.8,956,545,6276.7266,0,103.15414499843878,19.avi
216,42,8.4,967,498,6061.631,0,0.0,19.avi
217,44,8.8,1035,484,2903.5205,0,0.0,19.avi
217,45,9.0,1041,466,2782.9607,0,94.88810819926071,19.avi
218,45,9.0,1004,442,2265.0403,0,0.0,19.avi
216,47,9.4,986,456,1187.0723,0,232.36602253791676,19.avi
218,47,9.4,1027,446,3354.4805,0,118.09024143224984,19.avi
216,48,9.6,1014,419,2924.9275,0,241.88424738476309,19.avi
218,48,9.6,1047,478,3742.8582,0,185.28470466669893,19.avi
219,50,10.0,998,425,5512.64,0,0.0,19.avi
220,52,10.4,1071,425,6538.945,0,0.0,19.avi
220,53,10.6,1076,441,7060.841,0,84.74884755194013,19.avi
221,56,11.2,1072,409,7816.5063,0,0.0,19.avi
221,58,11.6,1055,393,3852.9539,0,119.70404999734107,19.avi
221,59,11.8,1043,417,7412.961,0,170.00516149987675,19.avi
222,62,12.4,1073,477,7354.1025,0,0.0,19.avi
222,64,12.8,1048,486,5037.1143,0,135.179144150369,19.avi
222,65,13.0,1007,462,5916.908,0,230.55673219229865,19.avi
223,67,13.4,1048,396,3348.0986,0,0.0,19.avi
223,68,13.6,1009,379,6803.883,0,216.47901093130585,19.avi
224,70,14.0,1003,320,8015.065,0,0.0,19.avi
224,73,14.6,1035,290,8533.904,0,222.73785984835035,19.avi
224,76,15.2,1105,278,4423.105,0,208.64137713513065,19.avi
225,76,15.2,1107,368,1919.9904,0,0.0,19.avi
226,76,15.2,1145,363,1645.2142,0,0.0,19.avi
227,78,15.6,1029,319,7600.6426,0,0.0,19.avi
227,79,15.8,1016,311,6673.0015,0,77.88900341394881,19.avi
228,93,18.6,1048,560,6910.3374,0,0.0,19.avi
228,95,19.0,1023,546,1534.7358,0,145.19923013328565,19.avi
228,96,19.2,1039,522,5278.723,0,172.51673685689357,19.avi
229,98,19.6,1053,534,6916.236,0,0.0,19.avi
229,99,19.8,1071,548,6992.904,0,118.19104643172903,19.avi
230,101,20.2,1087,534,6817.0015,0,0.0,19.avi
231,106,21.2,1008,596,6119.1797,0,0.0,19.avi
231,109,21.8,1050,570,6481.0312,0,244.6992797989796,19.avi
231,110,22.0,1017,585,7285.2295,0,249.6850011259861,19.avi
232,112,22.4,1003,632,2187.4917,0,0.0,19.avi
232,113,22.6,963,654,5733.2314,0,232.21349652659933,19.avi
232,115,23.0,897,695,1829.1729,0,165.88499870608197,19.avi
233,116,23.2,955,725,6244.0107,0,0.0,19.avi
234,124,24.8,1153,468,6523.522,0,0.0,19.avi
235,126,25.2,1095,422,5813.2227,0,0.0,19.avi
235,127,25.4,1097,438,4236.723,0,82.49836316246534,19.avi
236,127,25.4,1139,407,4019.99,0,0.0,19.avi
236,129,25.8,1139,357,6441.502,0,249.91162248863603,19.avi
237,131,26.2,1231,246,4578.353,0,0.0,19.avi
237,132,26.4,1235,205,5976.339,0,206.74914649902536,19.avi
237,134,26.8,1213,139,6772.396,0,225.5540399286088,19.avi
237,135,27.0,1206,126,9136.642,0,47.80994302871731,19.avi
237,138,27.6,1197,41,6728.416,0,160.44711294188744,19.avi
237,139,27.8,1196,33,5742.677,0,29.872024259258943,19.avi
