tracker_id,frame_idx,timestamp,centroid_x,centroid_y,area,class,speed,source_video
3041,0,0.0,1255,900,444.00323,0,0.0,1.avi
3042,0,0.0,856,230,431.4275,0,0.0,1.avi
3043,2,0.4,1116,23,699.10974,0,0.0,1.avi
3044,2,0.4,1048,1007,436.3818,0,0.0,1.avi
3045,2,0.4,1174,122,508.62402,0,0.0,1.avi
3046,3,0.6,357,827,428.50958,0,0.0,1.avi
3047,10,2.0,686,928,965.6306,0,0.0,2.avi
3048,11,2.2,481,814,959.3467,0,0.0,2.avi
3049,0,0.0,661,373,582.43,0,0.0,3.avi
3050,2,0.4,569,556,593.3365,0,0.0,3.avi
3051,3,0.6,385,484,599.8941,0,0.0,3.avi
3052,4,0.8,311,677,452.43814,0,0.0,3.avi
3053,5,1.0,999,77,668.6571,0,0.0,3.avi
3054,8,1.6,508,1019,202.15028,0,0.0,3.avi
3055,9,1.8,991,933,354.9763,0,0.0,3.avi
3056,9,1.8,277,241,1025.723,0,0.0,3.avi
3057,10,2.0,1084,990,666.7736,0,0.0,3.avi
3058,10,2.0,931,763,486.4021,0,0.0,3.avi
3059,10,2.0,91,193,964.14374,0,0.0,3.avi
3060,11,2.2,742,681,471.99045,0,0.0,3.avi
3061,11,2.2,864,628,1376.9474,0,0.0,3.avi
3062,12,2.4,681,602,1227.1493,0,0.0,3.avi
3063,13,2.6,1222,542,926.92505,0,0.0,3.avi
3064,15,3.0,1000,221,670.8861,0,0.0,3.avi
3065,15,3.0,911,940,661.8809,0,0.0,3.avi
3066,16,3.2,710,845,629.05444,0,0.0,3.avi
3067,17,3.4,557,657,609.80615,0,0.0,3.avi
3068,17,3.4,506,748,664.90857,0,0.0,3.avi
3069,17,3.4,677,373,869.4597,0,0.0,3.avi
3070,2,0.4,737,8,451.3086,0,0.0,4.avi
3071,2,0.4,481,25,627.63275,0,0.0,4.avi
3072,3,0.6,414,84,626.7365,0,0.0,4.avi
3073,4,0.8,348,142,624.74335,0,0.0,4.avi
3074,4,0.8,763,452,995.79266,0,0.0,4.avi
3075,4,0.8,1261,646,620.64453,0,0.0,4.avi
3076,5,1.0,280,201,640.83185,0,0.0,4.avi
3077,5,1.0,650,482,992.27875,0,0.0,4.avi
3078,5,1.0,1205,701,644.7687,0,0.0,4.avi
3079,6,1.2,661,317,3801.4514,0,0.0,4.avi
3080,6,1.2,1149,755,612.6191,0,0.0,4.avi
3081,6,1.2,213,259,622.18036,0,0.0,4.avi
3082,7,1.4,1092,808,606.7214,0,0.0,4.avi
3083,8,1.6,1034,861,603.60535,0,0.0,4.avi
3084,8,1.6,871,676,573.6935,0,0.0,4.avi
3085,9,1.8,761,717,567.2537,0,0.0,4.avi
3086,9,1.8,975,911,582.24725,0,0.0,4.avi
3087,10,2.0,455,56,988.5772,0,0.0,4.avi
3088,10,2.0,917,961,580.7952,0,0.0,4.avi
3089,10,2.0,656,757,577.8699,0,0.0,4.avi
3090,11,2.2,1217,628,996.8238,0,0.0,4.avi
3091,11,2.2,856,1009,585.80963,0,0.0,4.avi
3092,11,2.2,383,89,976.7604,0,0.0,4.avi
3093,11,2.2,22,720,768.16974,0,0.0,4.avi
3094,12,2.4,1141,649,1094.8008,0,0.0,4.avi
3095,14,2.8,807,290,1027.3138,0,0.0,4.avi
3096,14,2.8,345,656,862.2804,0,0.0,4.avi
3097,14,2.8,601,922,699.8296,0,0.0,4.avi
3098,0,0.0,835,947,1273.6151,0,0.0,5.avi
3099,0,0.0,544,219,1022.74243,0,0.0,5.avi
3100,0,0.0,26,459,2167.2578,0,0.0,5.avi
3101,0,0.0,1056,409,3736.8997,0,0.0,5.avi
3102,0,0.0,1153,13,886.63904,0,0.0,5.avi
3103,1,0.2,331,138,5025.62,0,0.0,5.avi
3104,1,0.2,1203,543,821.9861,0,0.0,5.avi
3105,1,0.2,298,51,996.95465,0,0.0,5.avi
3106,1,0.2,647,691,1120.9598,0,0.0,5.avi
3107,2,0.4,556,631,5097.388,0,0.0,5.avi
3108,2,0.4,472,33,2364.963,0,0.0,5.avi
3109,2,0.4,970,281,1262.4204,0,0.0,5.avi
3110,2,0.4,471,110,881.1756,0,0.0,5.avi
3111,2,0.4,217,137,2604.7913,0,0.0,5.avi
3112,2,0.4,1210,1017,514.73914,0,0.0,5.avi
3113,2,0.4,975,391,2208.1313,0,0.0,5.avi
3099,3,0.6,558,226,2234.832,0,13.470841743206243,5.avi
3114,3,0.6,610,334,3922.2231,0,0.0,5.avi
3115,3,0.6,746,957,2090.366,0,0.0,5.avi
3116,3,0.6,796,87,2914.9836,0,0.0,5.avi
3117,3,0.6,512,408,927.5025,0,0.0,5.avi
3118,3,0.6,338,764,1422.5049,0,0.0,5.avi
3119,3,0.6,837,284,1148.2493,0,0.0,5.avi
3120,3,0.6,39,863,1597.3923,0,0.0,5.avi
3121,3,0.6,119,909,1469.4808,0,0.0,5.avi
3122,3,0.6,78,138,1702.4993,0,0.0,5.avi
3123,3,0.6,1268,376,1121.1819,0,0.0,5.avi
3107,4,0.8,561,619,990.0415,0,21.93316764111918,5.avi
3124,4,0.8,117,692,861.7076,0,0.0,5.avi
3125,4,0.8,476,242,1457.17,0,0.0,5.avi
3126,4,0.8,257,565,1045.2874,0,0.0,5.avi
3127,4,0.8,478,140,1015.1736,0,0.0,5.avi
3128,4,0.8,920,314,1978.5576,0,0.0,5.avi
3129,4,0.8,129,322,1923.4479,0,0.0,5.avi
3130,4,0.8,59,731,938.1922,0,0.0,5.avi
3131,4,0.8,1181,188,3785.839,0,0.0,5.avi
3132,4,0.8,690,906,1071.1038,0,0.0,5.avi
3133,4,0.8,1040,353,1575.0299,0,0.0,5.avi
3099,5,1.0,601,255,1439.8285,0,91.7302324584158,5.avi
3100,5,1.0,35,502,3674.276,0,15.087739810128122,5.avi
3111,5,1.0,187,173,4361.553,0,39.162961440985605,5.avi
3123,5,1.0,1259,367,878.8551,0,20.885460339989667,5.avi
3134,5,1.0,245,778,2981.0469,0,0.0,5.avi
3135,5,1.0,741,736,1075.582,0,0.0,5.avi
3136,5,1.0,423,293,2296.4783,0,0.0,5.avi
3137,5,1.0,1133,365,772.9279,0,0.0,5.avi
3138,5,1.0,536,81,1206.729,0,0.0,5.avi
3139,6,1.2,697,627,2792.5745,0,0.0,5.avi
3140,6,1.2,773,363,3357.0874,0,0.0,5.avi
3141,6,1.2,1216,856,1724.2731,0,0.0,5.avi
3142,6,1.2,975,922,1747.2358,0,0.0,5.avi
3143,6,1.2,960,109,961.1869,0,0.0,5.avi
3144,6,1.2,870,581,727.63983,0,0.0,5.avi
3145,6,1.2,1226,906,1034.1982,0,0.0,5.avi
3113,7,1.4,942,379,1454.5433,0,11.86812609438354,5.avi
3141,7,1.4,1190,832,5532.0894,0,142.48030291499944,5.avi
3146,7,1.4,884,44,1789.2247,0,0.0,5.avi
3147,7,1.4,569,445,2029.3751,0,0.0,5.avi
3148,7,1.4,381,944,1284.6548,0,0.0,5.avi
3149,7,1.4,556,918,3046.1245,0,0.0,5.avi
3118,8,1.6,353,749,1134.5211,0,7.351883689682603,5.avi
3143,8,1.6,937,96,487.12585,0,43.62211778623603,5.avi
3150,8,1.6,507,1010,1903.7604,0,0.0,5.avi
3151,8,1.6,217,938,990.63354,0,0.0,5.avi
3152,8,1.6,316,363,2644.4048,0,0.0,5.avi
3153,8,1.6,1116,98,2106.9558,0,0.0,5.avi
3100,9,1.8,31,491,537.792,0,9.251975183700218,5.avi
3117,9,1.8,502,390,1876.0718,0,5.226841666801708,5.avi
3123,9,1.8,1253,340,1780.9086,0,13.717600989396685,5.avi
3131,9,1.8,1220,214,1951.5721,0,16.145186688999797,5.avi
3133,9,1.8,1023,342,1712.2166,0,6.829554497639687,5.avi
3149,9,1.8,585,934,1984.6641,0,54.42586521762883,5.avi
3154,9,1.8,1152,558,1063.2504,0,0.0,5.avi
3155,9,1.8,293,880,675.7755,0,0.0,5.avi
3156,9,1.8,971,492,530.51575,0,0.0,5.avi
3157,9,1.8,1115,295,640.7244,0,0.0,5.avi
3150,10,2.0,475,1019,241.60559,0,55.34407643890175,5.avi
3156,10,2.0,1004,510,6264.682,0,148.6833818786585,5.avi
3158,10,2.0,869,521,1353.6403,0,0.0,5.avi
3159,10,2.0,121,936,1254.2535,0,0.0,5.avi
3160,10,2.0,128,118,1784.8738,0,0.0,5.avi
3161,10,2.0,816,829,527.51605,0,0.0,5.avi
3162,10,2.0,415,522,601.6114,0,0.0,5.avi
3163,10,2.0,1068,40,508.5613,0,0.0,5.avi
3162,11,2.2,433,495,1158.7346,0,126.64073199409422,5.avi
3164,11,2.2,560,274,508.03992,0,0.0,5.avi
3165,11,2.2,1106,760,1121.6759,0,0.0,5.avi
3147,13,2.6,594,478,2338.5325,0,10.29856532206652,5.avi
3166,13,2.6,768,803,846.94147,0,0.0,5.avi
3167,13,2.6,661,943,3545.0225,0,0.0,5.avi
3168,13,2.6,599,619,547.142,0,0.0,5.avi
3152,14,2.8,339,324,1872.6816,0,11.112755369807244,5.avi
3169,14,2.8,753,933,1608.8165,0,0.0,5.avi
3170,14,2.8,755,32,1384.558,0,0.0,5.avi
3171,14,2.8,638,267,2634.667,0,0.0,5.avi
3172,14,2.8,121,251,473.49115,0,0.0,5.avi
3173,14,2.8,1015,397,2811.8398,0,0.0,5.avi
3123,15,3.0,1204,300,939.8989,0,16.098219760065376,5.avi
3165,15,3.0,1135,761,980.81104,0,14.438994359215906,5.avi
3174,15,3.0,937,556,1078.03,0,0.0,5.avi
3175,15,3.0,1104,976,1357.7395,0,0.0,5.avi
3176,15,3.0,1144,136,1293.3799,0,0.0,5.avi
3177,15,3.0,114,189,964.5171,0,0.0,5.avi
3178,15,3.0,676,418,2396.1575,0,0.0,5.avi
3164,16,3.2,542,269,548.1766,0,6.215831282516832,5.avi
3179,16,3.2,1240,628,1468.1957,0,0.0,5.avi
3180,16,3.2,776,122,727.8938,0,0.0,5.avi
3167,17,3.4,663,943,2102.0884,0,0.9484282918919832,5.avi
3181,17,3.4,546,894,5831.8247,0,0.0,5.avi
3182,17,3.4,16,157,1368.644,0,0.0,5.avi
3183,17,3.4,1020,1008,743.0937,0,0.0,5.avi
3179,18,3.6,1217,640,2081.6868,0,42.73823108745114,5.avi
3184,18,3.6,130,987,5942.7954,0,0.0,5.avi
3185,19,3.8,773,970,611.9288,0,0.0,5.avi
3186,19,3.8,888,996,2717.5674,0,0.0,5.avi
3187,19,3.8,1027,23,318.56735,0,0.0,5.avi
3188,20,4.0,1214,184,589.8524,0,0.0,5.avi
3189,20,4.0,438,342,595.0588,0,0.0,5.avi
3190,21,4.2,469,556,608.8365,0,0.0,5.avi
3191,21,4.2,878,409,932.3279,0,0.0,5.avi
3183,22,4.4,1028,1006,1500.0491,0,2.7052413505583024,5.avi
3192,22,4.4,386,995,1232.8403,0,0.0,5.avi
3193,22,4.4,848,181,710.60077,0,0.0,5.avi
3194,22,4.4,403,456,911.78424,0,0.0,5.avi
3195,22,4.4,458,821,669.4855,0,0.0,5.avi
3196,22,4.4,724,930,479.39273,0,0.0,5.avi
3197,22,4.4,211,771,649.2454,0,0.0,5.avi
3189,23,4.6,402,317,2268.822,0,37.13463942618132,5.avi
3198,23,4.6,718,310,662.83496,0,0.0,5.avi
3199,23,4.6,637,961,864.81854,0,0.0,5.avi
3200,23,4.6,228,268,1169.1993,0,0.0,5.avi
3201,23,4.6,487,21,1139.6481,0,0.0,5.avi
3202,25,5.0,442,595,456.82632,0,0.0,5.avi
3203,25,5.0,1254,773,629.33203,0,0.0,5.avi
3204,25,5.0,1272,613,318.36414,0,0.0,5.avi
3194,26,5.2,415,484,1587.8992,0,15.494550177564951,5.avi
3205,26,5.2,871,371,583.49786,0,0.0,5.avi
3206,26,5.2,1067,943,1131.0568,0,0.0,5.avi
3207,26,5.2,1003,86,1619.5894,0,0.0,5.avi
3189,27,5.4,387,289,410.72852,0,13.026721194832206,5.avi
3194,27,5.4,434,492,1013.33746,0,88.17768538138631,5.avi
3208,27,5.4,352,177,1675.6951,0,0.0,5.avi
3209,27,5.4,1052,72,2572.6416,0,0.0,5.avi
3210,27,5.4,808,98,444.3434,0,0.0,5.avi
3211,27,5.4,258,284,443.91592,0,0.0,5.avi
3212,28,5.6,169,691,382.83832,0,0.0,5.avi
3207,29,5.8,1021,101,939.6205,0,19.912795878461303,5.avi
3213,29,5.8,558,906,1581.5217,0,0.0,5.avi
3214,29,5.8,1239,130,1198.4341,0,0.0,5.avi
3215,29,5.8,767,206,2254.04,0,0.0,5.avi
3216,29,5.8,1019,632,398.7359,0,0.0,5.avi
3189,30,6.0,362,275,2191.1382,0,27.233385533158675,5.avi
3217,30,6.0,515,712,618.5048,0,0.0,5.avi
3218,30,6.0,711,137,983.804,0,0.0,5.avi
3219,30,6.0,242,969,1458.5901,0,0.0,5.avi
3220,31,6.2,768,627,513.43164,0,0.0,5.avi
3221,31,6.2,1083,862,1859.2448,0,0.0,5.avi
3222,31,6.2,394,175,908.09814,0,0.0,5.avi
3223,31,6.2,786,124,920.1365,0,0.0,5.avi
3224,32,6.4,1027,230,1421.2181,0,0.0,5.avi
3225,32,6.4,527,992,431.20468,0,0.0,5.avi
3226,32,6.4,579,1009,1302.2554,0,0.0,5.avi
3227,32,6.4,1151,120,478.1605,0,0.0,5.avi
3228,33,6.6,1234,616,1523.4614,0,0.0,5.avi
3229,33,6.6,609,276,1408.1185,0,0.0,5.avi
3227,34,6.8,1167,108,2096.3499,0,34.37342325929293,5.avi
3230,34,6.8,519,158,5382.4287,0,0.0,5.avi
3231,36,7.2,260,486,4040.3164,0,0.0,5.avi
3232,36,7.2,436,161,334.92133,0,0.0,5.avi
3233,36,7.2,411,775,375.87897,0,0.0,5.avi
3234,37,7.4,670,758,1096.471,0,0.0,5.avi
3235,37,7.4,1214,703,1236.5532,0,0.0,5.avi
3236,37,7.4,346,683,2097.0227,0,0.0,5.avi
3237,37,7.4,115,330,361.67035,0,0.0,5.avi
3229,38,7.6,632,292,1269.8268,0,9.413861512377306,5.avi
3238,38,7.6,85,743,1979.042,0,0.0,5.avi
3239,39,7.8,1075,970,2369.008,0,0.0,5.avi
3240,39,7.8,90,386,1230.2042,0,0.0,5.avi
3241,39,7.8,932,306,461.60458,0,0.0,5.avi
3242,39,7.8,1115,618,504.7564,0,0.0,5.avi
3243,39,7.8,1167,370,444.15155,0,0.0,5.avi
3236,40,8.0,362,648,968.5847,0,32.88023143380571,5.avi
3244,40,8.0,1063,706,1811.788,0,0.0,5.avi
3245,40,8.0,828,643,485.17255,0,0.0,5.avi
3246,40,8.0,492,269,623.9137,0,0.0,5.avi
3247,40,8.0,845,471,412.00677,0,0.0,5.avi
3248,40,8.0,1122,799,433.8372,0,0.0,5.avi
3249,40,8.0,619,371,326.00443,0,0.0,5.avi
3250,41,8.2,547,810,1888.4655,0,0.0,5.avi
3251,41,8.2,779,999,3058.0706,0,0.0,5.avi
3252,41,8.2,119,681,949.05414,0,0.0,5.avi
3253,41,8.2,527,679,516.4126,0,0.0,5.avi
3254,41,8.2,789,850,446.52,0,0.0,5.avi
3255,41,8.2,514,571,416.92944,0,0.0,5.avi
3256,41,8.2,216,326,572.60724,0,0.0,5.avi
3257,41,8.2,1106,32,882.19086,0,0.0,5.avi
3258,42,8.4,488,645,466.91437,0,0.0,5.avi
3259,42,8.4,1130,503,1976.9597,0,0.0,5.avi
3260,42,8.4,448,906,438.94467,0,0.0,5.avi
3261,42,8.4,175,672,447.56305,0,0.0,5.avi
3262,42,8.4,743,112,933.7953,0,0.0,5.avi
3263,42,8.4,210,724,706.1629,0,0.0,5.avi
3264,42,8.4,1251,579,373.4668,0,0.0,5.avi
3265,42,8.4,564,700,345.02283,0,0.0,5.avi
3266,42,8.4,197,63,662.17596,0,0.0,5.avi
3239,43,8.6,1074,920,2639.1914,0,25.387469755875017,5.avi
3253,43,8.6,542,691,308.41748,0,31.60003665970233,5.avi
3263,43,8.6,200,719,489.55527,0,42.25233588448469,5.avi
3267,43,8.6,1106,555,3245.158,0,0.0,5.avi
3268,43,8.6,1135,270,964.2187,0,0.0,5.avi
3269,43,8.6,1232,978,2674.868,0,0.0,5.avi
3270,43,8.6,229,782,362.85736,0,0.0,5.avi
3271,43,8.6,370,195,1014.84393,0,0.0,5.avi
3272,43,8.6,954,631,410.07285,0,0.0,5.avi
3245,44,8.8,799,660,2453.288,0,17.432934235088535,5.avi
3273,44,8.8,884,325,937.31934,0,0.0,5.avi
3274,44,8.8,209,671,1937.1724,0,0.0,5.avi
3275,44,8.8,354,825,505.86298,0,0.0,5.avi
3276,44,8.8,1032,329,1402.1003,0,0.0,5.avi
3249,45,9.0,623,377,1062.3329,0,2.483281404690494,5.avi
3277,45,9.0,814,454,511.31412,0,0.0,5.avi
3278,0,0.0,869,444,500.52774,0,0.0,6.avi
3279,1,0.2,723,374,510.67786,0,0.0,6.avi
3280,1,0.2,1212,878,649.0406,0,0.0,6.avi
3281,1,0.2,1195,282,523.1871,0,0.0,6.avi
3282,2,0.4,576,308,497.23828,0,0.0,6.avi
3283,2,0.4,1037,565,560.4318,0,0.0,6.avi
3284,2,0.4,958,864,575.33777,0,0.0,6.avi
3285,3,0.6,428,245,526.6425,0,0.0,6.avi
3286,3,0.6,988,956,442.80457,0,0.0,6.avi
3287,3,0.6,951,895,429.7892,0,0.0,6.avi
3288,4,0.8,913,670,1154.7598,0,0.0,6.avi
3289,4,0.8,278,186,512.4693,0,0.0,6.avi
3290,4,0.8,1148,783,344.32126,0,0.0,6.avi
3291,5,1.0,440,99,1847.743,0,0.0,6.avi
3292,5,1.0,459,691,1182.4806,0,0.0,6.avi
3293,5,1.0,126,130,500.5987,0,0.0,6.avi
3294,6,1.2,1254,615,1517.089,0,0.0,6.avi
3295,6,1.2,1038,403,2001.4523,0,0.0,6.avi
3296,6,1.2,23,707,1312.1716,0,0.0,6.avi
3297,6,1.2,969,145,1142.9261,0,0.0,6.avi
3298,6,1.2,859,828,408.93713,0,0.0,6.avi
3299,6,1.2,1171,830,622.6196,0,0.0,6.avi
3284,7,1.4,947,844,528.58264,0,7.943653034665868,6.avi
3288,7,1.4,898,655,1456.1753,0,18.22985731578572,6.avi
3300,7,1.4,565,846,377.04248,0,0.0,6.avi
3283,8,1.6,1022,548,723.536,0,5.610297422089728,6.avi
3284,8,1.6,918,859,1799.7148,0,139.93243347237265,6.avi
3301,8,1.6,456,638,1651.3604,0,0.0,6.avi
3302,8,1.6,546,694,1448.6831,0,0.0,6.avi
3303,8,1.6,1060,780,801.82965,0,0.0,6.avi
3304,8,1.6,1161,718,1168.1364,0,0.0,6.avi
3305,8,1.6,825,554,1983.7233,0,0.0,6.avi
3306,8,1.6,1004,646,2117.4673,0,0.0,6.avi
3295,9,1.8,1073,428,1075.5637,0,36.4557469320682,6.avi
3305,9,1.8,815,574,1056.4272,0,90.72479957438594,6.avi
3307,9,1.8,137,656,1639.5134,0,0.0,6.avi
3308,9,1.8,378,177,4629.526,0,0.0,6.avi
3309,9,1.8,603,826,1103.705,0,0.0,6.avi
3310,9,1.8,1097,909,1227.9319,0,0.0,6.avi
3311,9,1.8,309,649,2067.3987,0,0.0,6.avi
3312,9,1.8,226,722,3696.327,0,0.0,6.avi
3313,9,1.8,196,733,1173.3416,0,0.0,6.avi
3292,10,2.0,447,676,1929.8735,0,6.440109464769438,6.avi
3311,10,2.0,325,610,2676.1445,0,166.54159695290844,6.avi
3314,10,2.0,508,478,1061.4587,0,0.0,6.avi
3315,10,2.0,878,568,1762.5427,0,0.0,6.avi
3316,10,2.0,235,835,1664.6097,0,0.0,6.avi
3317,10,2.0,1027,711,1079.3026,0,0.0,6.avi
3318,10,2.0,1212,240,2547.018,0,0.0,6.avi
3284,11,2.2,792,914,2331.1147,0,110.58937014497596,6.avi
3319,11,2.2,662,446,1701.0354,0,0.0,6.avi
3320,11,2.2,300,910,1025.7896,0,0.0,6.avi
3321,11,2.2,1023,505,488.08862,0,0.0,6.avi
3311,12,2.4,376,479,952.0425,0,236.46989600951323,6.avi
3317,12,2.4,1042,707,629.6521,0,24.944694685819467,6.avi
3322,12,2.4,82,660,1084.1003,0,0.0,6.avi
3323,12,2.4,753,74,1189.2332,0,0.0,6.avi
3324,12,2.4,782,770,1572.3566,0,0.0,6.avi
3325,12,2.4,48,926,1082.0745,0,0.0,6.avi
3312,13,2.6,217,738,835.0554,0,9.381181230489949,6.avi
3324,13,2.6,773,808,3415.9453,0,154.60235661811564,6.avi
3326,13,2.6,810,140,3817.2422,0,0.0,6.avi
3327,13,2.6,391,119,1103.8448,0,0.0,6.avi
3328,13,2.6,999,418,1662.6403,0,0.0,6.avi
3329,13,2.6,367,92,1193.0354,0,0.0,6.avi
3330,14,2.8,642,166,2223.7378,0,0.0,6.avi
3331,14,2.8,942,567,1316.1415,0,0.0,6.avi
3332,14,2.8,352,562,1548.9664,0,0.0,6.avi
3333,14,2.8,281,1017,620.2489,0,0.0,6.avi
3334,14,2.8,156,775,2022.0958,0,0.0,6.avi
3284,15,3.0,621,1018,458.85278,0,98.53873762384008,6.avi
3335,15,3.0,379,854,2748.6616,0,0.0,6.avi
3336,16,3.2,415,804,1140.1042,0,0.0,6.avi
3337,16,3.2,252,407,4849.701,0,0.0,6.avi
3326,17,3.4,843,151,3467.4893,0,17.82427225433017,6.avi
3338,17,3.4,1218,826,2063.2148,0,0.0,6.avi
3334,18,3.6,132,758,1832.7539,0,14.854285940125685,6.avi
3337,19,3.8,286,419,1313.1958,0,30.144263728646408,6.avi
3338,19,3.8,1226,805,5582.411,0,36.40918543691533,6.avi
3339,20,4.0,382,451,4950.5376,0,0.0,6.avi
3334,22,4.4,148,749,2463.256,0,12.318443451681128,6.avi
3340,23,4.6,857,64,10248.063,0,0.0,6.avi
3341,25,5.0,508,822,13021.128,0,0.0,6.avi
3342,25,5.0,309,202,2093.1763,0,0.0,6.avi
3343,25,5.0,641,994,4737.8555,0,0.0,6.avi
3344,28,5.6,254,807,2729.6602,0,0.0,6.avi
3345,28,5.6,942,61,1851.7781,0,0.0,6.avi
3346,29,5.8,492,703,903.655,0,0.0,6.avi
3347,30,6.0,254,969,1548.9425,0,0.0,6.avi
3348,32,6.4,957,267,4945.5884,0,0.0,6.avi
3349,32,6.4,1083,661,2396.77,0,0.0,6.avi
3350,32,6.4,230,741,1074.1708,0,0.0,6.avi
3351,33,6.6,190,328,907.1582,0,0.0,6.avi
3352,35,7.0,459,983,1019.6568,0,0.0,6.avi
3353,36,7.2,288,42,1799.3844,0,0.0,6.avi
3354,36,7.2,1037,509,926.85974,0,0.0,6.avi
3355,37,7.4,589,912,1039.8994,0,0.0,6.avi
3356,37,7.4,1128,799,1295.4012,0,0.0,6.avi
3357,37,7.4,884,823,2156.6553,0,0.0,6.avi
3358,38,7.6,621,568,1287.9849,0,0.0,6.avi
3359,39,7.8,454,550,938.7836,0,0.0,6.avi
3360,39,7.8,173,258,1427.9247,0,0.0,6.avi
3361,41,8.2,399,93,887.99554,0,0.0,6.avi
3362,1,0.2,1157,408,760.09296,0,0.0,7.avi
3363,1,0.2,1113,854,476.696,0,0.0,7.avi
3364,2,0.4,992,897,563.3651,0,0.0,7.avi
3365,3,0.6,905,58,970.0209,0,0.0,7.avi
3366,3,0.6,1130,124,1282.8538,0,0.0,7.avi
3367,3,0.6,754,886,615.3811,0,0.0,7.avi
3367,4,0.8,734,888,603.5976,0,81.07227557671919,7.avi
3368,4,0.8,1107,466,903.0323,0,0.0,7.avi
3369,4,0.8,449,659,407.8293,0,0.0,7.avi
3370,4,0.8,878,314,634.17096,0,0.0,7.avi
3371,5,1.0,1182,350,1036.6434,0,0.0,7.avi
3372,5,1.0,569,380,899.9251,0,0.0,7.avi
3373,5,1.0,115,547,485.85635,0,0.0,7.avi
3374,5,1.0,736,441,760.8672,0,0.0,7.avi
3375,5,1.0,774,699,862.06915,0,0.0,7.avi
3376,6,1.2,362,451,582.9475,0,0.0,7.avi
3377,6,1.2,477,38,575.6293,0,0.0,7.avi
3378,6,1.2,385,868,567.9367,0,0.0,7.avi
3379,6,1.2,312,531,706.0757,0,0.0,7.avi
3380,7,1.4,139,342,1079.7594,0,0.0,7.avi
3381,7,1.4,596,275,862.7742,0,0.0,7.avi
3382,7,1.4,218,422,584.89905,0,0.0,7.avi
3383,7,1.4,256,336,477.77795,0,0.0,7.avi
3384,7,1.4,63,520,484.62604,0,0.0,7.avi
3385,7,1.4,264,745,978.50073,0,0.0,7.avi
3386,8,1.6,830,542,415.8276,0,0.0,7.avi
3387,9,1.8,1134,643,375.6816,0,0.0,7.avi
3388,10,2.0,129,732,409.6807,0,0.0,7.avi
3389,10,2.0,413,95,530.4169,0,0.0,7.avi
3390,11,2.2,746,368,690.8792,0,0.0,7.avi
3391,11,2.2,367,235,439.51178,0,0.0,7.avi
3392,11,2.2,1239,182,596.0825,0,0.0,7.avi
3393,12,2.4,900,417,1108.2362,0,0.0,7.avi
3394,12,2.4,700,884,472.941,0,0.0,7.avi
3395,12,2.4,730,498,437.68155,0,0.0,7.avi
3396,13,2.6,518,431,529.58813,0,0.0,7.avi
3397,13,2.6,1166,815,562.31647,0,0.0,7.avi
3398,13,2.6,829,140,697.7378,0,0.0,7.avi
3399,13,2.6,470,493,791.7594,0,0.0,7.avi
3400,13,2.6,1002,629,423.49976,0,0.0,7.avi
3399,15,3.0,476,504,479.02084,0,20.88907062280117,7.avi
3401,15,3.0,1158,461,583.28284,0,0.0,7.avi
3402,16,3.2,759,55,787.7356,0,0.0,7.avi
3403,16,3.2,1109,355,544.70575,0,0.0,7.avi
3404,19,3.8,578,139,506.55255,0,0.0,7.avi
3405,19,3.8,86,245,454.80875,0,0.0,7.avi
3406,31,6.2,1148,315,647.76385,0,0.0,7.avi
3407,39,7.8,368,596,633.0761,0,0.0,7.avi
3408,40,8.0,615,131,557.70483,0,0.0,7.avi
3409,41,8.2,1104,351,697.8835,0,0.0,7.avi
3410,42,8.4,411,274,1089.7207,0,0.0,7.avi
3411,43,8.6,377,15,520.14984,0,0.0,7.avi
3412,45,9.0,1059,243,745.53265,0,0.0,7.avi
3413,45,9.0,1025,957,703.7545,0,0.0,7.avi
3414,47,9.4,485,806,653.67664,0,0.0,7.avi
3415,47,9.4,791,556,514.34845,0,0.0,7.avi
3416,49,9.8,1069,461,918.6734,0,0.0,7.avi
3417,52,10.4,788,872,734.0645,0,0.0,7.avi
3418,53,10.6,612,968,703.77997,0,0.0,7.avi
3419,54,10.8,1124,668,979.6423,0,0.0,7.avi
3420,55,11.0,1127,530,680.121,0,0.0,7.avi
3421,55,11.0,1255,625,637.9371,0,0.0,7.avi
3422,55,11.0,908,911,619.5524,0,0.0,7.avi
3423,55,11.0,943,747,941.2074,0,0.0,7.avi
3424,56,11.2,701,463,519.49023,0,0.0,7.avi
3425,56,11.2,962,619,705.1934,0,0.0,7.avi
3426,56,11.2,755,1017,374.0841,0,0.0,7.avi
3427,56,11.2,1109,734,692.8052,0,0.0,7.avi
3428,56,11.2,1077,412,691.07733,0,0.0,7.avi
3429,57,11.4,920,506,635.52686,0,0.0,7.avi
3430,58,11.6,1262,205,662.4592,0,0.0,7.avi
3431,62,12.4,468,709,825.1391,0,0.0,7.avi
3432,62,12.4,205,450,539.9594,0,0.0,7.avi
3433,63,12.6,299,795,869.61316,0,0.0,7.avi
3434,65,13.0,567,320,653.8216,0,0.0,7.avi
3435,66,13.2,415,417,661.1379,0,0.0,7.avi
3436,67,13.4,266,514,737.7547,0,0.0,7.avi
3437,70,14.0,1239,643,723.12445,0,0.0,7.avi
3438,70,14.0,1192,571,394.01373,0,0.0,7.avi
3439,73,14.6,300,638,782.78986,0,0.0,7.avi
3440,74,14.8,1145,195,499.83606,0,0.0,7.avi
3441,75,15.0,800,757,1392.3912,0,0.0,7.avi
3442,76,15.2,1188,42,488.83304,0,0.0,7.avi
3443,77,15.4,1038,867,506.89395,0,0.0,7.avi
3444,77,15.4,1208,317,541.9403,0,0.0,7.avi
3445,77,15.4,1024,49,524.9149,0,0.0,7.avi
3446,79,15.8,368,123,485.99374,0,0.0,7.avi
3447,80,16.0,219,161,492.13824,0,0.0,7.avi
3448,80,16.0,1131,88,495.56305,0,0.0,7.avi
3449,80,16.0,607,961,565.61066,0,0.0,7.avi
3450,81,16.2,273,693,533.8237,0,0.0,7.avi
3451,85,17.0,221,68,679.5075,0,0.0,7.avi
3452,87,17.4,422,358,670.5111,0,0.0,7.avi
3453,92,18.4,1061,425,764.1935,0,0.0,7.avi
3454,92,18.4,1167,79,536.115,0,0.0,7.avi
3455,95,19.0,1159,700,1906.8385,0,0.0,7.avi
3456,95,19.0,974,892,499.37134,0,0.0,7.avi
3457,98,19.6,1105,36,727.8833,0,0.0,7.avi
3458,103,20.6,57,668,390.82916,0,0.0,7.avi
3459,104,20.8,169,406,456.37128,0,0.0,7.avi
3460,109,21.8,1219,774,844.20935,0,0.0,7.avi
3461,111,22.2,920,198,373.09335,0,0.0,7.avi
3462,112,22.4,1124,625,686.1081,0,0.0,7.avi
3463,113,22.6,960,652,644.18774,0,0.0,7.avi
3464,113,22.6,1131,648,395.46585,0,0.0,7.avi
3463,114,22.8,978,675,448.7624,0,115.68007134441956,7.avi
3465,114,22.8,799,679,697.8921,0,0.0,7.avi
3466,115,23.0,529,748,574.82306,0,0.0,7.avi
3467,116,23.2,341,767,587.6557,0,0.0,7.avi
3468,0,0.0,1189,650,671.6578,0,0.0,8.avi
3469,0,0.0,955,190,425.01825,0,0.0,8.avi
3470,0,0.0,1047,488,541.9967,0,0.0,8.avi
3471,0,0.0,1155,282,456.6884,0,0.0,8.avi
3472,0,0.0,868,873,385.5216,0,0.0,8.avi
3473,0,0.0,991,637,388.65524,0,0.0,8.avi
3474,1,0.2,640,749,748.61774,0,0.0,8.avi
3475,1,0.2,646,710,874.7506,0,0.0,8.avi
3476,2,0.4,1011,135,475.08133,0,0.0,8.avi
3477,2,0.4,1175,437,1561.5586,0,0.0,8.avi
3478,2,0.4,718,363,269.95447,0,0.0,8.avi
3479,3,0.6,243,291,431.71234,0,0.0,8.avi
3480,3,0.6,1270,182,741.4536,0,0.0,8.avi
3481,3,0.6,254,205,712.859,0,0.0,8.avi
3482,3,0.6,668,381,592.439,0,0.0,8.avi
3483,3,0.6,1227,111,407.52063,0,0.0,8.avi
3484,4,0.8,923,394,2259.8323,0,0.0,8.avi
3485,4,0.8,866,358,520.2468,0,0.0,8.avi
3486,4,0.8,1174,344,764.6419,0,0.0,8.avi
3487,4,0.8,1254,341,589.1911,0,0.0,8.avi
3488,4,0.8,780,816,341.12952,0,0.0,8.avi
3489,4,0.8,531,571,928.72217,0,0.0,8.avi
3490,4,0.8,586,754,392.3867,0,0.0,8.avi
3491,4,0.8,1145,626,969.57135,0,0.0,8.avi
3492,4,0.8,533,1018,278.14023,0,0.0,8.avi
3493,4,0.8,310,834,688.1334,0,0.0,8.avi
3494,4,0.8,1271,414,396.71246,0,0.0,8.avi
3495,4,0.8,983,313,665.07355,0,0.0,8.avi
3496,5,1.0,209,254,501.37372,0,0.0,8.avi
3497,5,1.0,394,722,433.39658,0,0.0,8.avi
3498,5,1.0,1006,746,561.1849,0,0.0,8.avi
3499,5,1.0,378,203,257.99054,0,0.0,8.avi
3496,6,1.2,214,277,642.14294,0,94.6236531855936,8.avi
3500,6,1.2,890,644,460.77872,0,0.0,8.avi
3501,6,1.2,466,956,825.124,0,0.0,8.avi
3502,6,1.2,544,742,1104.1223,0,0.0,8.avi
3503,6,1.2,206,633,336.59622,0,0.0,8.avi
3504,6,1.2,1249,765,528.19916,0,0.0,8.avi
3505,6,1.2,1057,843,323.42413,0,0.0,8.avi
3506,7,1.4,966,96,888.82605,0,0.0,8.avi
3507,7,1.4,410,894,635.0166,0,0.0,8.avi
3508,7,1.4,823,621,597.68616,0,0.0,8.avi
3509,7,1.4,113,815,704.6217,0,0.0,8.avi
3510,7,1.4,43,765,657.6963,0,0.0,8.avi
3511,7,1.4,152,819,482.55206,0,0.0,8.avi
3506,8,1.6,983,68,852.7999,0,134.8454120697104,8.avi
3512,8,1.6,741,971,896.84576,0,0.0,8.avi
3513,8,1.6,1168,495,518.9557,0,0.0,8.avi
3514,8,1.6,1258,259,1090.6747,0,0.0,8.avi
3515,8,1.6,567,841,320.63055,0,0.0,8.avi
3516,9,1.8,486,728,847.1793,0,0.0,8.avi
3517,10,2.0,791,846,969.2283,0,0.0,8.avi
3518,12,2.4,1007,188,1155.5074,0,0.0,8.avi
3519,12,2.4,449,885,713.2633,0,0.0,8.avi
3520,14,2.8,1015,581,814.16785,0,0.0,8.avi
3521,15,3.0,541,676,728.46075,0,0.0,8.avi
3522,15,3.0,582,563,566.136,0,0.0,8.avi
3523,15,3.0,892,683,802.0474,0,0.0,8.avi
3524,17,3.4,536,783,552.92175,0,0.0,8.avi
3525,20,4.0,628,291,404.48676,0,0.0,8.avi
3526,21,4.2,680,553,782.7664,0,0.0,8.avi
3527,21,4.2,517,430,406.92227,0,0.0,8.avi
3528,21,4.2,1210,831,1315.6068,0,0.0,8.avi
3529,22,4.4,577,688,761.3536,0,0.0,8.avi
3530,22,4.4,407,570,409.42343,0,0.0,8.avi
3531,22,4.4,505,905,821.6351,0,0.0,8.avi
3532,22,4.4,736,135,532.0902,0,0.0,8.avi
3533,23,4.6,286,366,562.6867,0,0.0,8.avi
3534,23,4.6,645,382,560.1415,0,0.0,8.avi
3535,23,4.6,299,712,405.5414,0,0.0,8.avi
3536,25,5.0,665,469,573.0511,0,0.0,8.avi
3537,25,5.0,496,405,543.91766,0,0.0,8.avi
3538,25,5.0,63,406,1041.5403,0,0.0,8.avi
3539,25,5.0,775,168,435.60892,0,0.0,8.avi
3540,26,5.2,442,143,391.37003,0,0.0,8.avi
3541,0,0.0,543,559,1229.6755,0,0.0,9.avi
3542,1,0.2,630,284,585.7685,0,0.0,9.avi
3542,2,0.4,624,283,4140.6064,0,23.89890231241345,9.avi
3543,3,0.6,367,479,4893.2944,0,0.0,9.avi
3544,3,0.6,977,654,1786.0779,0,0.0,9.avi
3545,4,0.8,651,852,1914.0488,0,0.0,9.avi
3546,4,0.8,111,677,5529.3184,0,0.0,9.avi
3544,5,1.0,953,697,4254.367,0,80.03897366088286,9.avi
3545,6,1.2,635,875,4433.0156,0,45.90631913711608,9.avi
3547,7,1.4,1031,490,659.54474,0,0.0,9.avi
3548,8,1.6,1055,153,9648.402,0,0.0,9.avi
3549,0,0.0,524,785,1638.5396,0,0.0,10.avi
3550,1,0.2,832,245,1770.0078,0,0.0,10.avi
3551,5,1.0,514,704,704.3718,0,0.0,10.avi
3552,5,1.0,967,616,560.6047,0,0.0,10.avi
3553,5,1.0,227,678,835.2223,0,0.0,10.avi
3554,6,1.2,301,854,688.1109,0,0.0,10.avi
3555,6,1.2,754,770,563.2701,0,0.0,10.avi
3556,8,1.6,933,799,670.429,0,0.0,10.avi
3557,9,1.8,1169,43,4502.5073,0,0.0,10.avi
3558,9,1.8,72,29,3508.6433,0,0.0,10.avi
3559,10,2.0,929,171,4460.948,0,0.0,10.avi
3560,10,2.0,1147,725,1845.012,0,0.0,10.avi
3561,10,2.0,697,583,803.0954,0,0.0,10.avi
3562,11,2.2,847,560,710.7277,0,0.0,10.avi
3563,11,2.2,1170,921,3502.1719,0,0.0,10.avi
3564,11,2.2,1207,672,5156.223,0,0.0,10.avi
3565,12,2.4,904,421,1159.2787,0,0.0,10.avi
3566,12,2.4,72,699,1025.2235,0,0.0,10.avi
3567,12,2.4,1014,816,5050.0625,0,0.0,10.avi
3568,1,0.2,495,29,6652.7114,0,0.0,11.avi
3569,3,0.6,22,427,6135.7134,0,0.0,12.avi
3569,4,0.8,52,428,13207.263,0,120.44899319187978,12.avi
3569,5,1.0,75,456,13209.835,0,173.47685364336073,12.avi
3569,6,1.2,113,492,13032.033,0,241.43209610830536,12.avi
3569,7,1.4,118,501,12334.0205,0,94.57228964527611,12.avi
3569,8,1.6,101,510,13380.7705,0,75.40152609011803,12.avi
3569,9,1.8,75,509,14759.061,0,112.70161187983294,12.avi
3569,10,2.0,60,519,15598.17,0,89.9755690581824,12.avi
3569,11,2.2,54,515,14577.065,0,44.7662480868504,12.avi
3569,12,2.4,43,504,12128.892,0,68.01007364492042,12.avi
3569,13,2.6,32,486,9483.801,0,94.6584010567736,12.avi
3569,14,2.8,31,469,8126.8384,0,85.29602061533997,12.avi
3569,15,3.0,32,439,7249.706,0,133.73369497578014,12.avi
3569,16,3.2,37,424,8135.296,0,91.400598115863,12.avi
3569,17,3.4,42,418,9523.84,0,51.322992513559406,12.avi
3569,18,3.6,45,402,9935.402,0,73.66721386368226,12.avi
3569,19,3.8,38,404,9621.291,0,23.384787076250287,12.avi
3569,20,4.0,17,438,5426.853,0,155.93093047283787,12.avi
3570,3,0.6,60,616,15585.856,0,0.0,13.avi
3571,26,5.2,206,551,15964.179,0,0.0,13.avi
3572,35,7.0,48,620,10949.233,0,0.0,13.avi
3573,3,0.6,41,73,9931.559,0,0.0,15.avi
3574,4,0.8,154,57,13017.438,0,0.0,15.avi
3575,4,0.8,210,464,224.56775,0,0.0,15.avi
3574,5,1.0,190,91,8671.746,0,198.07229188480653,15.avi
3575,5,1.0,212,465,236.61739,0,7.886868933144732,15.avi
3576,5,1.0,279,74,11499.266,0,0.0,15.avi
3575,6,1.2,216,462,229.13432,0,21.178253766946597,15.avi
3575,7,1.4,226,457,232.49153,0,48.0524539443942,15.avi
3577,7,1.4,937,955,2569.199,0,0.0,18.avi
3578,9,1.8,1235,843,13580.344,0,0.0,18.avi
3577,11,2.2,926,940,645.0377,0,9.437130952402482,18.avi
3578,11,2.2,1193,818,1343.5615,0,79.39470104917267,18.avi
3579,11,2.2,998,979,5712.1836,0,0.0,18.avi
3580,11,2.2,929,1009,2590.4329,0,0.0,18.avi
3581,11,2.2,1104,859,1832.6425,0,0.0,18.avi
3582,11,2.2,1098,984,4893.078,0,0.0,18.avi
3583,14,2.8,788,966,18843.412,0,0.0,18.avi
3583,15,3.0,789,970,18257.121,0,14.775336278196482,18.avi
3580,16,3.2,928,1017,390.16943,0,2.817789909794292,18.avi
3583,16,3.2,757,973,17630.36,0,148.45589359722302,18.avi
3577,17,3.4,857,892,2268.5557,0,22.285101131066806,18.avi
3583,17,3.4,808,947,30404.088,0,188.22917589005692,18.avi
3583,19,3.8,917,902,55281.457,0,197.12081875717743,18.avi
3584,20,4.0,936,724,55906.863,0,0.0,18.avi
3584,21,4.2,954,705,51334.86,0,102.82334669227608,18.avi
3585,21,4.2,50,443,2360.4543,0,0.0,18.avi
3584,22,4.4,1070,671,56472.51,0,560.2410195621167,18.avi
3583,23,4.6,1159,758,31635.227,0,129.73185988318366,18.avi
3584,23,4.6,1211,686,37976.742,0,664.5672464092704,18.avi
3586,34,6.8,1202,687,37308.473,0,0.0,18.avi
3587,34,6.8,1246,548,9471.538,0,0.0,18.avi
3586,35,7.0,1125,652,46221.305,0,338.07065182443745,18.avi
3586,36,7.2,1107,648,51440.492,0,113.14429220855553,18.avi
3587,36,7.2,1215,576,2447.058,0,68.40740634015808,18.avi
3588,36,7.2,1248,662,4682.7334,0,0.0,18.avi
3586,37,7.4,1118,670,53570.93,0,78.54833429368506,18.avi
3586,38,7.6,1161,662,54951.734,0,170.8211555618917,18.avi
3586,39,7.8,1176,652,52419.105,0,104.67204176916108,18.avi
3586,40,8.0,1183,641,48610.324,0,71.555284161313,18.avi
3586,41,8.2,1199,657,39772.5,0,86.13138923143815,18.avi
3589,67,13.4,750,233,4498.778,0,0.0,18.avi
3590,73,14.6,871,806,696.54517,0,0.0,18.avi
3591,84,16.8,1272,816,796.51355,0,0.0,18.avi
3592,6,1.2,1222,870,19390.02,0,0.0,19.avi
3593,6,1.2,523,770,4101.7334,0,0.0,19.avi
3594,6,1.2,1274,714,530.53687,0,0.0,19.avi
3592,7,1.4,1240,848,12646.025,0,114.31053938313168,19.avi
3595,9,1.8,1146,481,15623.8545,0,0.0,19.avi
3596,10,2.0,925,320,25350.217,0,0.0,19.avi
3597,12,2.4,318,502,5448.4253,0,0.0,19.avi
3598,14,2.8,411,476,4666.279,0,0.0,19.avi
3599,15,3.0,187,351,326.8202,0,0.0,19.avi
3600,15,3.0,457,423,6865.926,0,0.0,19.avi
3599,16,3.2,195,349,308.30243,0,34.281928334788326,19.avi
3599,17,3.4,215,337,297.46152,0,109.37356249055344,19.avi
3601,19,3.8,591,180,282.8441,0,0.0,19.avi
3602,5,1.0,292,827,33455.086,0,0.0,20.avi
3603,5,1.0,292,827,33455.086,0,0.0,21.avi
3604,25,5.0,1140,982,17624.055,0,0.0,21.avi
3604,26,5.2,1173,949,29290.494,0,186.34918709575848,21.avi
3604,27,5.4,1171,919,42582.39,0,151.74478085135252,21.avi
3604,28,5.6,1178,938,36518.184,0,47.84708206065183,21.avi
3604,29,5.8,1211,985,17556.24,0,228.66293595869445,21.avi
3605,59,11.8,875,958,23315.205,0,0.0,21.avi
3605,60,12.0,926,921,30223.27,0,253.33923033158524,21.avi
3606,63,12.6,1231,943,2616.2834,0,0.0,21.avi
3607,66,13.2,1165,812,61932.188,0,0.0,21.avi
3607,67,13.4,1104,807,49143.46,0,244.4168602255172,21.avi
3608,67,13.4,1024,1009,1573.6472,0,0.0,21.avi
3607,68,13.6,1148,822,57109.496,0,191.4661462406605,21.avi
3607,69,13.8,1181,800,53164.254,0,184.8491361218656,21.avi
3609,69,13.8,1017,838,931.836,0,0.0,21.avi
3610,70,14.0,1168,869,4305.6235,0,0.0,21.avi
3611,70,14.0,285,187,920.578,0,0.0,21.avi
3612,71,14.2,219,868,502.81668,0,0.0,21.avi
3613,73,14.6,1253,563,1349.3506,0,0.0,21.avi
3613,74,14.8,1265,564,3192.7227,0,50.93594706221727,21.avi
3614,74,14.8,1245,703,8689.874,0,0.0,21.avi
3615,74,14.8,1186,513,1504.863,0,0.0,21.avi
3614,75,15.0,1272,730,1229.814,0,151.9477384970734,21.avi
3616,75,15.0,533,810,41873.707,0,0.0,21.avi
3617,76,15.2,1204,627,36368.918,0,0.0,21.avi
3617,77,15.4,1207,577,37908.594,0,200.7595537888546,21.avi
3618,78,15.6,1216,701,26840.973,0,0.0,21.avi
3618,79,15.8,1238,707,16231.899,0,93.03064641221732,21.avi
3618,80,16.0,1219,743,28488.125,0,189.4037931906328,21.avi
3618,81,16.2,1200,743,37267.887,0,98.53202307023082,21.avi
3618,82,16.4,1199,676,31403.26,0,250.6482377007666,21.avi
3618,83,16.6,1199,688,39578.387,0,12.892349553202209,21.avi
3618,84,16.8,1184,668,41847.73,0,99.66555890984858,21.avi
3618,85,17.0,1141,615,54846.918,0,283.950356026366,21.avi
3618,86,17.2,1074,509,51054.273,0,545.8983135621505,21.avi
3618,87,17.4,1050,468,51500.277,0,309.488729096069,21.avi
3619,87,17.4,1172,695,8814.496,0,0.0,21.avi
3618,88,17.6,1025,472,40769.133,0,140.06278586539324,21.avi
3620,89,17.8,1064,312,54686.54,0,0.0,21.avi
3621,89,17.8,996,815,6914.6826,0,0.0,21.avi
3620,90,18.0,1050,271,15839.148,0,171.24808963350512,21.avi
3622,90,18.0,1186,308,46811.406,0,0.0,21.avi
3622,91,18.2,1200,286,41945.44,0,103.137305137072,21.avi
3623,91,18.2,766,661,2547.6467,0,0.0,21.avi
3622,92,18.4,1176,305,48633.805,0,133.30710109789726,21.avi
3624,92,18.4,1058,564,9984.858,0,0.0,21.avi
3625,92,18.4,748,583,602.13214,0,0.0,21.avi
3626,92,18.4,923,643,647.0314,0,0.0,21.avi
3622,93,18.6,1115,387,42575.87,0,420.63567965639817,21.avi
3627,93,18.6,640,642,886.7236,0,0.0,21.avi
3628,93,18.6,1237,282,4022.1372,0,0.0,21.avi
3629,93,18.6,1041,203,4498.72,0,0.0,21.avi
3630,93,18.6,883,655,618.1556,0,0.0,21.avi
3622,94,18.8,1085,510,49677.117,0,575.0624694326696,21.avi
3627,94,18.8,610,661,1207.867,0,142.3761248858108,21.avi
3631,94,18.8,1233,484,11563.524,0,0.0,21.avi
3622,95,19.0,1119,656,50729.758,0,694.8654995752776,21.avi
3623,95,19.0,758,678,680.3342,0,9.762079043721137,21.avi
3627,95,19.0,565,664,1195.2711,0,215.3247910134827,21.avi
3632,95,19.0,1265,694,895.8153,0,0.0,21.avi
3633,95,19.0,1087,1015,340.48416,0,0.0,21.avi
3622,96,19.2,1153,760,51957.926,0,578.566547598459,21.avi
3627,96,19.2,534,663,960.93207,0,168.10709128595676,21.avi
3634,96,19.2,670,675,602.6793,0,0.0,21.avi
3622,97,19.4,1196,832,42131.758,0,453.3143914547607,21.avi
3622,98,19.6,1237,874,25487.324,0,327.15599776712025,21.avi
3635,120,24.0,926,790,59675.45,0,0.0,21.avi
3635,121,24.2,911,686,59918.19,0,419.1314493986344,21.avi
3635,122,24.4,807,566,65607.14,0,756.5484948104781,21.avi
3636,122,24.4,1065,925,28771.607,0,0.0,21.avi
3635,123,24.6,641,497,59489.89,0,850.5975840548808,21.avi
3635,124,24.8,545,495,38916.805,0,551.5447624626672,21.avi
3635,125,25.0,478,393,29281.506,0,564.9332925222234,21.avi
3637,125,25.0,598,349,56957.51,0,0.0,21.avi
3635,126,25.2,465,290,41224.438,0,512.6467168040774,21.avi
3636,126,25.2,1026,974,21104.266,0,31.94145569314077,21.avi
3637,127,25.4,606,308,37743.023,0,68.15042530131416,21.avi
3638,127,25.4,453,362,24345.404,0,0.0,21.avi
3637,128,25.6,645,353,44892.996,0,238.02337070128215,21.avi
3638,128,25.6,492,377,34507.152,0,166.7094977517028,21.avi
3637,129,25.8,658,403,43735.004,0,249.28599602163777,21.avi
3638,129,25.8,515,409,28077.629,0,191.35530189284017,21.avi
3637,130,26.0,698,458,41344.13,0,317.3938552886618,21.avi
3638,130,26.0,561,438,24998.648,0,251.95117489555392,21.avi
3637,131,26.2,745,514,51968.27,0,351.81310512472385,21.avi
3638,131,26.2,646,443,31227.55,0,378.10190012085366,21.avi
3637,132,26.4,744,554,51407.37,0,222.65782674880307,21.avi
3638,132,26.4,701,438,31905.04,0,295.92899274995005,21.avi
3637,133,26.6,774,597,54075.04,0,249.65759364077036,21.avi
3638,133,26.6,716,476,36143.633,0,190.61121876413785,21.avi
3637,134,26.8,783,614,56038.28,0,130.1681679717626,21.avi
3637,135,27.0,826,685,56205.04,0,353.4149252295381,21.avi
3637,136,27.2,859,783,55734.832,0,476.8605010902035,21.avi
3639,136,27.2,804,463,1102.1904,0,0.0,21.avi
3637,137,27.4,898,836,61962.484,0,359.19382389595734,21.avi
3637,138,27.6,866,826,40384.4,0,83.32578253551688,21.avi
3638,138,27.6,1006,875,49917.742,0,159.61092219636788,21.avi
3637,139,27.8,940,843,33688.55,0,275.16052133254874,21.avi
3638,139,27.8,1058,834,47284.734,0,273.9842177252186,21.avi
3637,140,28.0,1018,869,34068.477,0,381.0406187337513,21.avi
3638,140,28.0,1121,851,42455.57,0,297.7598523768777,21.avi
3638,141,28.2,1167,916,42809.72,0,356.5691771942718,21.avi
3640,141,28.2,358,99,1217.8162,0,0.0,21.avi
3637,142,28.4,1221,917,24901.764,0,344.33294888450627,21.avi
3641,144,28.8,726,397,1227.4841,0,0.0,21.avi
3642,144,28.8,1125,996,8562.376,0,0.0,21.avi
3643,146,29.2,607,262,1236.4003,0,0.0,21.avi
